index,split,image_name,image_path,mask_path
0,train,156.png,E:\pyproject\valueproject\poly_seg\datasets\cvc-clinicdb\images\156.png,E:\pyproject\valueproject\poly_seg\datasets\cvc-clinicdb\masks\156.png
1,train,277.png,E:\pyproject\valueproject\poly_seg\datasets\cvc-clinicdb\images\277.png,E:\pyproject\valueproject\poly_seg\datasets\cvc-clinicdb\masks\277.png
2,train,20.png,E:\pyproject\valueproject\poly_seg\datasets\cvc-clinicdb\images\20.png,E:\pyproject\valueproject\poly_seg\datasets\cvc-clinicdb\masks\20.png
3,train,546.png,E:\pyproject\valueproject\poly_seg\datasets\cvc-clinicdb\images\546.png,E:\pyproject\valueproject\poly_seg\datasets\cvc-clinicdb\masks\546.png
4,train,29.png,E:\pyproject\valueproject\poly_seg\datasets\cvc-clinicdb\images\29.png,E:\pyproject\valueproject\poly_seg\datasets\cvc-clinicdb\masks\29.png
5,train,319.png,E:\pyproject\valueproject\poly_seg\datasets\cvc-clinicdb\images\319.png,E:\pyproject\valueproject\poly_seg\datasets\cvc-clinicdb\masks\319.png
6,train,299.png,E:\pyproject\valueproject\poly_seg\datasets\cvc-clinicdb\images\299.png,E:\pyproject\valueproject\poly_seg\datasets\cvc-clinicdb\masks\299.png
7,train,440.png,E:\pyproject\valueproject\poly_seg\datasets\cvc-clinicdb\images\440.png,E:\pyproject\valueproject\poly_seg\datasets\cvc-clinicdb\masks\440.png
8,train,597.png,E:\pyproject\valueproject\poly_seg\datasets\cvc-clinicdb\images\597.png,E:\pyproject\valueproject\poly_seg\datasets\cvc-clinicdb\masks\597.png
9,train,157.png,E:\pyproject\valueproject\poly_seg\datasets\cvc-clinicdb\images\157.png,E:\pyproject\valueproject\poly_seg\datasets\cvc-clinicdb\masks\157.png
10,train,393.png,E:\pyproject\valueproject\poly_seg\datasets\cvc-clinicdb\images\393.png,E:\pyproject\valueproject\poly_seg\datasets\cvc-clinicdb\masks\393.png
11,train,54.png,E:\pyproject\valueproject\poly_seg\datasets\cvc-clinicdb\images\54.png,E:\pyproject\valueproject\poly_seg\datasets\cvc-clinicdb\masks\54.png
12,train,256.png,E:\pyproject\valueproject\poly_seg\datasets\cvc-clinicdb\images\256.png,E:\pyproject\valueproject\poly_seg\datasets\cvc-clinicdb\masks\256.png
13,train,508.png,E:\pyproject\valueproject\poly_seg\datasets\cvc-clinicdb\images\508.png,E:\pyproject\valueproject\poly_seg\datasets\cvc-clinicdb\masks\508.png
14,train,451.png,E:\pyproject\valueproject\poly_seg\datasets\cvc-clinicdb\images\451.png,E:\pyproject\valueproject\poly_seg\datasets\cvc-clinicdb\masks\451.png
15,train,84.png,E:\pyproject\valueproject\poly_seg\datasets\cvc-clinicdb\images\84.png,E:\pyproject\valueproject\poly_seg\datasets\cvc-clinicdb\masks\84.png
16,train,493.png,E:\pyproject\valueproject\poly_seg\datasets\cvc-clinicdb\images\493.png,E:\pyproject\valueproject\poly_seg\datasets\cvc-clinicdb\masks\493.png
17,train,150.png,E:\pyproject\valueproject\poly_seg\datasets\cvc-clinicdb\images\150.png,E:\pyproject\valueproject\poly_seg\datasets\cvc-clinicdb\masks\150.png
18,train,509.png,E:\pyproject\valueproject\poly_seg\datasets\cvc-clinicdb\images\509.png,E:\pyproject\valueproject\poly_seg\datasets\cvc-clinicdb\masks\509.png
19,train,247.png,E:\pyproject\valueproject\poly_seg\datasets\cvc-clinicdb\images\247.png,E:\pyproject\valueproject\poly_seg\datasets\cvc-clinicdb\masks\247.png
20,train,554.png,E:\pyproject\valueproject\poly_seg\datasets\cvc-clinicdb\images\554.png,E:\pyproject\valueproject\poly_seg\datasets\cvc-clinicdb\masks\554.png
21,train,406.png,E:\pyproject\valueproject\poly_seg\datasets\cvc-clinicdb\images\406.png,E:\pyproject\valueproject\poly_seg\datasets\cvc-clinicdb\masks\406.png
22,train,149.png,E:\pyproject\valueproject\poly_seg\datasets\cvc-clinicdb\images\149.png,E:\pyproject\valueproject\poly_seg\datasets\cvc-clinicdb\masks\149.png
23,train,464.png,E:\pyproject\valueproject\poly_seg\datasets\cvc-clinicdb\images\464.png,E:\pyproject\valueproject\poly_seg\datasets\cvc-clinicdb\masks\464.png
24,train,473.png,E:\pyproject\valueproject\poly_seg\datasets\cvc-clinicdb\images\473.png,E:\pyproject\valueproject\poly_seg\datasets\cvc-clinicdb\masks\473.png
25,train,463.png,E:\pyproject\valueproject\poly_seg\datasets\cvc-clinicdb\images\463.png,E:\pyproject\valueproject\poly_seg\datasets\cvc-clinicdb\masks\463.png
26,train,203.png,E:\pyproject\valueproject\poly_seg\datasets\cvc-clinicdb\images\203.png,E:\pyproject\valueproject\poly_seg\datasets\cvc-clinicdb\masks\203.png
27,train,433.png,E:\pyproject\valueproject\poly_seg\datasets\cvc-clinicdb\images\433.png,E:\pyproject\valueproject\poly_seg\datasets\cvc-clinicdb\masks\433.png
28,train,345.png,E:\pyproject\valueproject\poly_seg\datasets\cvc-clinicdb\images\345.png,E:\pyproject\valueproject\poly_seg\datasets\cvc-clinicdb\masks\345.png
29,train,436.png,E:\pyproject\valueproject\poly_seg\datasets\cvc-clinicdb\images\436.png,E:\pyproject\valueproject\poly_seg\datasets\cvc-clinicdb\masks\436.png
30,train,69.png,E:\pyproject\valueproject\poly_seg\datasets\cvc-clinicdb\images\69.png,E:\pyproject\valueproject\poly_seg\datasets\cvc-clinicdb\masks\69.png
31,train,348.png,E:\pyproject\valueproject\poly_seg\datasets\cvc-clinicdb\images\348.png,E:\pyproject\valueproject\poly_seg\datasets\cvc-clinicdb\masks\348.png
32,train,253.png,E:\pyproject\valueproject\poly_seg\datasets\cvc-clinicdb\images\253.png,E:\pyproject\valueproject\poly_seg\datasets\cvc-clinicdb\masks\253.png
33,train,146.png,E:\pyproject\valueproject\poly_seg\datasets\cvc-clinicdb\images\146.png,E:\pyproject\valueproject\poly_seg\datasets\cvc-clinicdb\masks\146.png
34,train,292.png,E:\pyproject\valueproject\poly_seg\datasets\cvc-clinicdb\images\292.png,E:\pyproject\valueproject\poly_seg\datasets\cvc-clinicdb\masks\292.png
35,train,43.png,E:\pyproject\valueproject\poly_seg\datasets\cvc-clinicdb\images\43.png,E:\pyproject\valueproject\poly_seg\datasets\cvc-clinicdb\masks\43.png
36,train,555.png,E:\pyproject\valueproject\poly_seg\datasets\cvc-clinicdb\images\555.png,E:\pyproject\valueproject\poly_seg\datasets\cvc-clinicdb\masks\555.png
37,train,28.png,E:\pyproject\valueproject\poly_seg\datasets\cvc-clinicdb\images\28.png,E:\pyproject\valueproject\poly_seg\datasets\cvc-clinicdb\masks\28.png
38,train,297.png,E:\pyproject\valueproject\poly_seg\datasets\cvc-clinicdb\images\297.png,E:\pyproject\valueproject\poly_seg\datasets\cvc-clinicdb\masks\297.png
39,train,174.png,E:\pyproject\valueproject\poly_seg\datasets\cvc-clinicdb\images\174.png,E:\pyproject\valueproject\poly_seg\datasets\cvc-clinicdb\masks\174.png
40,train,274.png,E:\pyproject\valueproject\poly_seg\datasets\cvc-clinicdb\images\274.png,E:\pyproject\valueproject\poly_seg\datasets\cvc-clinicdb\masks\274.png
41,train,266.png,E:\pyproject\valueproject\poly_seg\datasets\cvc-clinicdb\images\266.png,E:\pyproject\valueproject\poly_seg\datasets\cvc-clinicdb\masks\266.png
42,train,242.png,E:\pyproject\valueproject\poly_seg\datasets\cvc-clinicdb\images\242.png,E:\pyproject\valueproject\poly_seg\datasets\cvc-clinicdb\masks\242.png
43,train,113.png,E:\pyproject\valueproject\poly_seg\datasets\cvc-clinicdb\images\113.png,E:\pyproject\valueproject\poly_seg\datasets\cvc-clinicdb\masks\113.png
44,train,455.png,E:\pyproject\valueproject\poly_seg\datasets\cvc-clinicdb\images\455.png,E:\pyproject\valueproject\poly_seg\datasets\cvc-clinicdb\masks\455.png
45,train,153.png,E:\pyproject\valueproject\poly_seg\datasets\cvc-clinicdb\images\153.png,E:\pyproject\valueproject\poly_seg\datasets\cvc-clinicdb\masks\153.png
46,train,310.png,E:\pyproject\valueproject\poly_seg\datasets\cvc-clinicdb\images\310.png,E:\pyproject\valueproject\poly_seg\datasets\cvc-clinicdb\masks\310.png
47,train,50.png,E:\pyproject\valueproject\poly_seg\datasets\cvc-clinicdb\images\50.png,E:\pyproject\valueproject\poly_seg\datasets\cvc-clinicdb\masks\50.png
48,train,298.png,E:\pyproject\valueproject\poly_seg\datasets\cvc-clinicdb\images\298.png,E:\pyproject\valueproject\poly_seg\datasets\cvc-clinicdb\masks\298.png
49,train,163.png,E:\pyproject\valueproject\poly_seg\datasets\cvc-clinicdb\images\163.png,E:\pyproject\valueproject\poly_seg\datasets\cvc-clinicdb\masks\163.png
50,train,401.png,E:\pyproject\valueproject\poly_seg\datasets\cvc-clinicdb\images\401.png,E:\pyproject\valueproject\poly_seg\datasets\cvc-clinicdb\masks\401.png
51,train,106.png,E:\pyproject\valueproject\poly_seg\datasets\cvc-clinicdb\images\106.png,E:\pyproject\valueproject\poly_seg\datasets\cvc-clinicdb\masks\106.png
52,train,112.png,E:\pyproject\valueproject\poly_seg\datasets\cvc-clinicdb\images\112.png,E:\pyproject\valueproject\poly_seg\datasets\cvc-clinicdb\masks\112.png
53,train,586.png,E:\pyproject\valueproject\poly_seg\datasets\cvc-clinicdb\images\586.png,E:\pyproject\valueproject\poly_seg\datasets\cvc-clinicdb\masks\586.png
54,train,238.png,E:\pyproject\valueproject\poly_seg\datasets\cvc-clinicdb\images\238.png,E:\pyproject\valueproject\poly_seg\datasets\cvc-clinicdb\masks\238.png
55,train,250.png,E:\pyproject\valueproject\poly_seg\datasets\cvc-clinicdb\images\250.png,E:\pyproject\valueproject\poly_seg\datasets\cvc-clinicdb\masks\250.png
56,train,564.png,E:\pyproject\valueproject\poly_seg\datasets\cvc-clinicdb\images\564.png,E:\pyproject\valueproject\poly_seg\datasets\cvc-clinicdb\masks\564.png
57,train,538.png,E:\pyproject\valueproject\poly_seg\datasets\cvc-clinicdb\images\538.png,E:\pyproject\valueproject\poly_seg\datasets\cvc-clinicdb\masks\538.png
58,train,506.png,E:\pyproject\valueproject\poly_seg\datasets\cvc-clinicdb\images\506.png,E:\pyproject\valueproject\poly_seg\datasets\cvc-clinicdb\masks\506.png
59,train,584.png,E:\pyproject\valueproject\poly_seg\datasets\cvc-clinicdb\images\584.png,E:\pyproject\valueproject\poly_seg\datasets\cvc-clinicdb\masks\584.png
60,train,478.png,E:\pyproject\valueproject\poly_seg\datasets\cvc-clinicdb\images\478.png,E:\pyproject\valueproject\poly_seg\datasets\cvc-clinicdb\masks\478.png
61,train,438.png,E:\pyproject\valueproject\poly_seg\datasets\cvc-clinicdb\images\438.png,E:\pyproject\valueproject\poly_seg\datasets\cvc-clinicdb\masks\438.png
62,train,147.png,E:\pyproject\valueproject\poly_seg\datasets\cvc-clinicdb\images\147.png,E:\pyproject\valueproject\poly_seg\datasets\cvc-clinicdb\masks\147.png
63,train,53.png,E:\pyproject\valueproject\poly_seg\datasets\cvc-clinicdb\images\53.png,E:\pyproject\valueproject\poly_seg\datasets\cvc-clinicdb\masks\53.png
64,train,240.png,E:\pyproject\valueproject\poly_seg\datasets\cvc-clinicdb\images\240.png,E:\pyproject\valueproject\poly_seg\datasets\cvc-clinicdb\masks\240.png
65,train,282.png,E:\pyproject\valueproject\poly_seg\datasets\cvc-clinicdb\images\282.png,E:\pyproject\valueproject\poly_seg\datasets\cvc-clinicdb\masks\282.png
66,train,177.png,E:\pyproject\valueproject\poly_seg\datasets\cvc-clinicdb\images\177.png,E:\pyproject\valueproject\poly_seg\datasets\cvc-clinicdb\masks\177.png
67,train,187.png,E:\pyproject\valueproject\poly_seg\datasets\cvc-clinicdb\images\187.png,E:\pyproject\valueproject\poly_seg\datasets\cvc-clinicdb\masks\187.png
68,train,262.png,E:\pyproject\valueproject\poly_seg\datasets\cvc-clinicdb\images\262.png,E:\pyproject\valueproject\poly_seg\datasets\cvc-clinicdb\masks\262.png
69,train,255.png,E:\pyproject\valueproject\poly_seg\datasets\cvc-clinicdb\images\255.png,E:\pyproject\valueproject\poly_seg\datasets\cvc-clinicdb\masks\255.png
70,train,101.png,E:\pyproject\valueproject\poly_seg\datasets\cvc-clinicdb\images\101.png,E:\pyproject\valueproject\poly_seg\datasets\cvc-clinicdb\masks\101.png
71,train,373.png,E:\pyproject\valueproject\poly_seg\datasets\cvc-clinicdb\images\373.png,E:\pyproject\valueproject\poly_seg\datasets\cvc-clinicdb\masks\373.png
72,train,215.png,E:\pyproject\valueproject\poly_seg\datasets\cvc-clinicdb\images\215.png,E:\pyproject\valueproject\poly_seg\datasets\cvc-clinicdb\masks\215.png
73,train,4.png,E:\pyproject\valueproject\poly_seg\datasets\cvc-clinicdb\images\4.png,E:\pyproject\valueproject\poly_seg\datasets\cvc-clinicdb\masks\4.png
74,train,246.png,E:\pyproject\valueproject\poly_seg\datasets\cvc-clinicdb\images\246.png,E:\pyproject\valueproject\poly_seg\datasets\cvc-clinicdb\masks\246.png
75,train,458.png,E:\pyproject\valueproject\poly_seg\datasets\cvc-clinicdb\images\458.png,E:\pyproject\valueproject\poly_seg\datasets\cvc-clinicdb\masks\458.png
76,train,281.png,E:\pyproject\valueproject\poly_seg\datasets\cvc-clinicdb\images\281.png,E:\pyproject\valueproject\poly_seg\datasets\cvc-clinicdb\masks\281.png
77,train,41.png,E:\pyproject\valueproject\poly_seg\datasets\cvc-clinicdb\images\41.png,E:\pyproject\valueproject\poly_seg\datasets\cvc-clinicdb\masks\41.png
78,train,390.png,E:\pyproject\valueproject\poly_seg\datasets\cvc-clinicdb\images\390.png,E:\pyproject\valueproject\poly_seg\datasets\cvc-clinicdb\masks\390.png
79,train,213.png,E:\pyproject\valueproject\poly_seg\datasets\cvc-clinicdb\images\213.png,E:\pyproject\valueproject\poly_seg\datasets\cvc-clinicdb\masks\213.png
80,train,21.png,E:\pyproject\valueproject\poly_seg\datasets\cvc-clinicdb\images\21.png,E:\pyproject\valueproject\poly_seg\datasets\cvc-clinicdb\masks\21.png
81,train,45.png,E:\pyproject\valueproject\poly_seg\datasets\cvc-clinicdb\images\45.png,E:\pyproject\valueproject\poly_seg\datasets\cvc-clinicdb\masks\45.png
82,train,131.png,E:\pyproject\valueproject\poly_seg\datasets\cvc-clinicdb\images\131.png,E:\pyproject\valueproject\poly_seg\datasets\cvc-clinicdb\masks\131.png
83,train,55.png,E:\pyproject\valueproject\poly_seg\datasets\cvc-clinicdb\images\55.png,E:\pyproject\valueproject\poly_seg\datasets\cvc-clinicdb\masks\55.png
84,train,176.png,E:\pyproject\valueproject\poly_seg\datasets\cvc-clinicdb\images\176.png,E:\pyproject\valueproject\poly_seg\datasets\cvc-clinicdb\masks\176.png
85,train,316.png,E:\pyproject\valueproject\poly_seg\datasets\cvc-clinicdb\images\316.png,E:\pyproject\valueproject\poly_seg\datasets\cvc-clinicdb\masks\316.png
86,train,324.png,E:\pyproject\valueproject\poly_seg\datasets\cvc-clinicdb\images\324.png,E:\pyproject\valueproject\poly_seg\datasets\cvc-clinicdb\masks\324.png
87,train,435.png,E:\pyproject\valueproject\poly_seg\datasets\cvc-clinicdb\images\435.png,E:\pyproject\valueproject\poly_seg\datasets\cvc-clinicdb\masks\435.png
88,train,573.png,E:\pyproject\valueproject\poly_seg\datasets\cvc-clinicdb\images\573.png,E:\pyproject\valueproject\poly_seg\datasets\cvc-clinicdb\masks\573.png
89,train,167.png,E:\pyproject\valueproject\poly_seg\datasets\cvc-clinicdb\images\167.png,E:\pyproject\valueproject\poly_seg\datasets\cvc-clinicdb\masks\167.png
90,train,377.png,E:\pyproject\valueproject\poly_seg\datasets\cvc-clinicdb\images\377.png,E:\pyproject\valueproject\poly_seg\datasets\cvc-clinicdb\masks\377.png
91,train,322.png,E:\pyproject\valueproject\poly_seg\datasets\cvc-clinicdb\images\322.png,E:\pyproject\valueproject\poly_seg\datasets\cvc-clinicdb\masks\322.png
92,train,60.png,E:\pyproject\valueproject\poly_seg\datasets\cvc-clinicdb\images\60.png,E:\pyproject\valueproject\poly_seg\datasets\cvc-clinicdb\masks\60.png
93,train,81.png,E:\pyproject\valueproject\poly_seg\datasets\cvc-clinicdb\images\81.png,E:\pyproject\valueproject\poly_seg\datasets\cvc-clinicdb\masks\81.png
94,train,525.png,E:\pyproject\valueproject\poly_seg\datasets\cvc-clinicdb\images\525.png,E:\pyproject\valueproject\poly_seg\datasets\cvc-clinicdb\masks\525.png
95,train,382.png,E:\pyproject\valueproject\poly_seg\datasets\cvc-clinicdb\images\382.png,E:\pyproject\valueproject\poly_seg\datasets\cvc-clinicdb\masks\382.png
96,train,211.png,E:\pyproject\valueproject\poly_seg\datasets\cvc-clinicdb\images\211.png,E:\pyproject\valueproject\poly_seg\datasets\cvc-clinicdb\masks\211.png
97,train,115.png,E:\pyproject\valueproject\poly_seg\datasets\cvc-clinicdb\images\115.png,E:\pyproject\valueproject\poly_seg\datasets\cvc-clinicdb\masks\115.png
98,train,604.png,E:\pyproject\valueproject\poly_seg\datasets\cvc-clinicdb\images\604.png,E:\pyproject\valueproject\poly_seg\datasets\cvc-clinicdb\masks\604.png
99,train,388.png,E:\pyproject\valueproject\poly_seg\datasets\cvc-clinicdb\images\388.png,E:\pyproject\valueproject\poly_seg\datasets\cvc-clinicdb\masks\388.png
100,train,268.png,E:\pyproject\valueproject\poly_seg\datasets\cvc-clinicdb\images\268.png,E:\pyproject\valueproject\poly_seg\datasets\cvc-clinicdb\masks\268.png
101,train,117.png,E:\pyproject\valueproject\poly_seg\datasets\cvc-clinicdb\images\117.png,E:\pyproject\valueproject\poly_seg\datasets\cvc-clinicdb\masks\117.png
102,train,602.png,E:\pyproject\valueproject\poly_seg\datasets\cvc-clinicdb\images\602.png,E:\pyproject\valueproject\poly_seg\datasets\cvc-clinicdb\masks\602.png
103,train,356.png,E:\pyproject\valueproject\poly_seg\datasets\cvc-clinicdb\images\356.png,E:\pyproject\valueproject\poly_seg\datasets\cvc-clinicdb\masks\356.png
104,train,192.png,E:\pyproject\valueproject\poly_seg\datasets\cvc-clinicdb\images\192.png,E:\pyproject\valueproject\poly_seg\datasets\cvc-clinicdb\masks\192.png
105,train,74.png,E:\pyproject\valueproject\poly_seg\datasets\cvc-clinicdb\images\74.png,E:\pyproject\valueproject\poly_seg\datasets\cvc-clinicdb\masks\74.png
106,train,514.png,E:\pyproject\valueproject\poly_seg\datasets\cvc-clinicdb\images\514.png,E:\pyproject\valueproject\poly_seg\datasets\cvc-clinicdb\masks\514.png
107,train,419.png,E:\pyproject\valueproject\poly_seg\datasets\cvc-clinicdb\images\419.png,E:\pyproject\valueproject\poly_seg\datasets\cvc-clinicdb\masks\419.png
108,train,400.png,E:\pyproject\valueproject\poly_seg\datasets\cvc-clinicdb\images\400.png,E:\pyproject\valueproject\poly_seg\datasets\cvc-clinicdb\masks\400.png
109,train,431.png,E:\pyproject\valueproject\poly_seg\datasets\cvc-clinicdb\images\431.png,E:\pyproject\valueproject\poly_seg\datasets\cvc-clinicdb\masks\431.png
110,train,165.png,E:\pyproject\valueproject\poly_seg\datasets\cvc-clinicdb\images\165.png,E:\pyproject\valueproject\poly_seg\datasets\cvc-clinicdb\masks\165.png
111,train,556.png,E:\pyproject\valueproject\poly_seg\datasets\cvc-clinicdb\images\556.png,E:\pyproject\valueproject\poly_seg\datasets\cvc-clinicdb\masks\556.png
112,train,408.png,E:\pyproject\valueproject\poly_seg\datasets\cvc-clinicdb\images\408.png,E:\pyproject\valueproject\poly_seg\datasets\cvc-clinicdb\masks\408.png
113,train,410.png,E:\pyproject\valueproject\poly_seg\datasets\cvc-clinicdb\images\410.png,E:\pyproject\valueproject\poly_seg\datasets\cvc-clinicdb\masks\410.png
114,train,447.png,E:\pyproject\valueproject\poly_seg\datasets\cvc-clinicdb\images\447.png,E:\pyproject\valueproject\poly_seg\datasets\cvc-clinicdb\masks\447.png
115,train,327.png,E:\pyproject\valueproject\poly_seg\datasets\cvc-clinicdb\images\327.png,E:\pyproject\valueproject\poly_seg\datasets\cvc-clinicdb\masks\327.png
116,train,123.png,E:\pyproject\valueproject\poly_seg\datasets\cvc-clinicdb\images\123.png,E:\pyproject\valueproject\poly_seg\datasets\cvc-clinicdb\masks\123.png
117,train,160.png,E:\pyproject\valueproject\poly_seg\datasets\cvc-clinicdb\images\160.png,E:\pyproject\valueproject\poly_seg\datasets\cvc-clinicdb\masks\160.png
118,train,424.png,E:\pyproject\valueproject\poly_seg\datasets\cvc-clinicdb\images\424.png,E:\pyproject\valueproject\poly_seg\datasets\cvc-clinicdb\masks\424.png
119,train,202.png,E:\pyproject\valueproject\poly_seg\datasets\cvc-clinicdb\images\202.png,E:\pyproject\valueproject\poly_seg\datasets\cvc-clinicdb\masks\202.png
120,train,11.png,E:\pyproject\valueproject\poly_seg\datasets\cvc-clinicdb\images\11.png,E:\pyproject\valueproject\poly_seg\datasets\cvc-clinicdb\masks\11.png
121,train,582.png,E:\pyproject\valueproject\poly_seg\datasets\cvc-clinicdb\images\582.png,E:\pyproject\valueproject\poly_seg\datasets\cvc-clinicdb\masks\582.png
122,train,59.png,E:\pyproject\valueproject\poly_seg\datasets\cvc-clinicdb\images\59.png,E:\pyproject\valueproject\poly_seg\datasets\cvc-clinicdb\masks\59.png
123,train,441.png,E:\pyproject\valueproject\poly_seg\datasets\cvc-clinicdb\images\441.png,E:\pyproject\valueproject\poly_seg\datasets\cvc-clinicdb\masks\441.png
124,train,574.png,E:\pyproject\valueproject\poly_seg\datasets\cvc-clinicdb\images\574.png,E:\pyproject\valueproject\poly_seg\datasets\cvc-clinicdb\masks\574.png
125,train,79.png,E:\pyproject\valueproject\poly_seg\datasets\cvc-clinicdb\images\79.png,E:\pyproject\valueproject\poly_seg\datasets\cvc-clinicdb\masks\79.png
126,train,49.png,E:\pyproject\valueproject\poly_seg\datasets\cvc-clinicdb\images\49.png,E:\pyproject\valueproject\poly_seg\datasets\cvc-clinicdb\masks\49.png
127,train,230.png,E:\pyproject\valueproject\poly_seg\datasets\cvc-clinicdb\images\230.png,E:\pyproject\valueproject\poly_seg\datasets\cvc-clinicdb\masks\230.png
128,train,335.png,E:\pyproject\valueproject\poly_seg\datasets\cvc-clinicdb\images\335.png,E:\pyproject\valueproject\poly_seg\datasets\cvc-clinicdb\masks\335.png
129,train,118.png,E:\pyproject\valueproject\poly_seg\datasets\cvc-clinicdb\images\118.png,E:\pyproject\valueproject\poly_seg\datasets\cvc-clinicdb\masks\118.png
130,train,139.png,E:\pyproject\valueproject\poly_seg\datasets\cvc-clinicdb\images\139.png,E:\pyproject\valueproject\poly_seg\datasets\cvc-clinicdb\masks\139.png
131,train,252.png,E:\pyproject\valueproject\poly_seg\datasets\cvc-clinicdb\images\252.png,E:\pyproject\valueproject\poly_seg\datasets\cvc-clinicdb\masks\252.png
132,train,193.png,E:\pyproject\valueproject\poly_seg\datasets\cvc-clinicdb\images\193.png,E:\pyproject\valueproject\poly_seg\datasets\cvc-clinicdb\masks\193.png
133,train,78.png,E:\pyproject\valueproject\poly_seg\datasets\cvc-clinicdb\images\78.png,E:\pyproject\valueproject\poly_seg\datasets\cvc-clinicdb\masks\78.png
134,train,10.png,E:\pyproject\valueproject\poly_seg\datasets\cvc-clinicdb\images\10.png,E:\pyproject\valueproject\poly_seg\datasets\cvc-clinicdb\masks\10.png
135,train,587.png,E:\pyproject\valueproject\poly_seg\datasets\cvc-clinicdb\images\587.png,E:\pyproject\valueproject\poly_seg\datasets\cvc-clinicdb\masks\587.png
136,train,134.png,E:\pyproject\valueproject\poly_seg\datasets\cvc-clinicdb\images\134.png,E:\pyproject\valueproject\poly_seg\datasets\cvc-clinicdb\masks\134.png
137,train,452.png,E:\pyproject\valueproject\poly_seg\datasets\cvc-clinicdb\images\452.png,E:\pyproject\valueproject\poly_seg\datasets\cvc-clinicdb\masks\452.png
138,train,415.png,E:\pyproject\valueproject\poly_seg\datasets\cvc-clinicdb\images\415.png,E:\pyproject\valueproject\poly_seg\datasets\cvc-clinicdb\masks\415.png
139,train,342.png,E:\pyproject\valueproject\poly_seg\datasets\cvc-clinicdb\images\342.png,E:\pyproject\valueproject\poly_seg\datasets\cvc-clinicdb\masks\342.png
140,train,511.png,E:\pyproject\valueproject\poly_seg\datasets\cvc-clinicdb\images\511.png,E:\pyproject\valueproject\poly_seg\datasets\cvc-clinicdb\masks\511.png
141,train,99.png,E:\pyproject\valueproject\poly_seg\datasets\cvc-clinicdb\images\99.png,E:\pyproject\valueproject\poly_seg\datasets\cvc-clinicdb\masks\99.png
142,train,437.png,E:\pyproject\valueproject\poly_seg\datasets\cvc-clinicdb\images\437.png,E:\pyproject\valueproject\poly_seg\datasets\cvc-clinicdb\masks\437.png
143,train,64.png,E:\pyproject\valueproject\poly_seg\datasets\cvc-clinicdb\images\64.png,E:\pyproject\valueproject\poly_seg\datasets\cvc-clinicdb\masks\64.png
144,train,204.png,E:\pyproject\valueproject\poly_seg\datasets\cvc-clinicdb\images\204.png,E:\pyproject\valueproject\poly_seg\datasets\cvc-clinicdb\masks\204.png
145,train,402.png,E:\pyproject\valueproject\poly_seg\datasets\cvc-clinicdb\images\402.png,E:\pyproject\valueproject\poly_seg\datasets\cvc-clinicdb\masks\402.png
146,train,70.png,E:\pyproject\valueproject\poly_seg\datasets\cvc-clinicdb\images\70.png,E:\pyproject\valueproject\poly_seg\datasets\cvc-clinicdb\masks\70.png
147,train,579.png,E:\pyproject\valueproject\poly_seg\datasets\cvc-clinicdb\images\579.png,E:\pyproject\valueproject\poly_seg\datasets\cvc-clinicdb\masks\579.png
148,train,273.png,E:\pyproject\valueproject\poly_seg\datasets\cvc-clinicdb\images\273.png,E:\pyproject\valueproject\poly_seg\datasets\cvc-clinicdb\masks\273.png
149,train,507.png,E:\pyproject\valueproject\poly_seg\datasets\cvc-clinicdb\images\507.png,E:\pyproject\valueproject\poly_seg\datasets\cvc-clinicdb\masks\507.png
150,train,302.png,E:\pyproject\valueproject\poly_seg\datasets\cvc-clinicdb\images\302.png,E:\pyproject\valueproject\poly_seg\datasets\cvc-clinicdb\masks\302.png
151,train,152.png,E:\pyproject\valueproject\poly_seg\datasets\cvc-clinicdb\images\152.png,E:\pyproject\valueproject\poly_seg\datasets\cvc-clinicdb\masks\152.png
152,train,609.png,E:\pyproject\valueproject\poly_seg\datasets\cvc-clinicdb\images\609.png,E:\pyproject\valueproject\poly_seg\datasets\cvc-clinicdb\masks\609.png
153,train,191.png,E:\pyproject\valueproject\poly_seg\datasets\cvc-clinicdb\images\191.png,E:\pyproject\valueproject\poly_seg\datasets\cvc-clinicdb\masks\191.png
154,train,133.png,E:\pyproject\valueproject\poly_seg\datasets\cvc-clinicdb\images\133.png,E:\pyproject\valueproject\poly_seg\datasets\cvc-clinicdb\masks\133.png
155,train,216.png,E:\pyproject\valueproject\poly_seg\datasets\cvc-clinicdb\images\216.png,E:\pyproject\valueproject\poly_seg\datasets\cvc-clinicdb\masks\216.png
156,train,280.png,E:\pyproject\valueproject\poly_seg\datasets\cvc-clinicdb\images\280.png,E:\pyproject\valueproject\poly_seg\datasets\cvc-clinicdb\masks\280.png
157,train,492.png,E:\pyproject\valueproject\poly_seg\datasets\cvc-clinicdb\images\492.png,E:\pyproject\valueproject\poly_seg\datasets\cvc-clinicdb\masks\492.png
158,train,346.png,E:\pyproject\valueproject\poly_seg\datasets\cvc-clinicdb\images\346.png,E:\pyproject\valueproject\poly_seg\datasets\cvc-clinicdb\masks\346.png
159,train,518.png,E:\pyproject\valueproject\poly_seg\datasets\cvc-clinicdb\images\518.png,E:\pyproject\valueproject\poly_seg\datasets\cvc-clinicdb\masks\518.png
160,train,270.png,E:\pyproject\valueproject\poly_seg\datasets\cvc-clinicdb\images\270.png,E:\pyproject\valueproject\poly_seg\datasets\cvc-clinicdb\masks\270.png
161,train,98.png,E:\pyproject\valueproject\poly_seg\datasets\cvc-clinicdb\images\98.png,E:\pyproject\valueproject\poly_seg\datasets\cvc-clinicdb\masks\98.png
162,train,301.png,E:\pyproject\valueproject\poly_seg\datasets\cvc-clinicdb\images\301.png,E:\pyproject\valueproject\poly_seg\datasets\cvc-clinicdb\masks\301.png
163,train,34.png,E:\pyproject\valueproject\poly_seg\datasets\cvc-clinicdb\images\34.png,E:\pyproject\valueproject\poly_seg\datasets\cvc-clinicdb\masks\34.png
164,train,294.png,E:\pyproject\valueproject\poly_seg\datasets\cvc-clinicdb\images\294.png,E:\pyproject\valueproject\poly_seg\datasets\cvc-clinicdb\masks\294.png
165,train,245.png,E:\pyproject\valueproject\poly_seg\datasets\cvc-clinicdb\images\245.png,E:\pyproject\valueproject\poly_seg\datasets\cvc-clinicdb\masks\245.png
166,train,94.png,E:\pyproject\valueproject\poly_seg\datasets\cvc-clinicdb\images\94.png,E:\pyproject\valueproject\poly_seg\datasets\cvc-clinicdb\masks\94.png
167,train,26.png,E:\pyproject\valueproject\poly_seg\datasets\cvc-clinicdb\images\26.png,E:\pyproject\valueproject\poly_seg\datasets\cvc-clinicdb\masks\26.png
168,train,39.png,E:\pyproject\valueproject\poly_seg\datasets\cvc-clinicdb\images\39.png,E:\pyproject\valueproject\poly_seg\datasets\cvc-clinicdb\masks\39.png
169,train,421.png,E:\pyproject\valueproject\poly_seg\datasets\cvc-clinicdb\images\421.png,E:\pyproject\valueproject\poly_seg\datasets\cvc-clinicdb\masks\421.png
170,train,608.png,E:\pyproject\valueproject\poly_seg\datasets\cvc-clinicdb\images\608.png,E:\pyproject\valueproject\poly_seg\datasets\cvc-clinicdb\masks\608.png
171,train,36.png,E:\pyproject\valueproject\poly_seg\datasets\cvc-clinicdb\images\36.png,E:\pyproject\valueproject\poly_seg\datasets\cvc-clinicdb\masks\36.png
172,train,14.png,E:\pyproject\valueproject\poly_seg\datasets\cvc-clinicdb\images\14.png,E:\pyproject\valueproject\poly_seg\datasets\cvc-clinicdb\masks\14.png
173,train,519.png,E:\pyproject\valueproject\poly_seg\datasets\cvc-clinicdb\images\519.png,E:\pyproject\valueproject\poly_seg\datasets\cvc-clinicdb\masks\519.png
174,train,235.png,E:\pyproject\valueproject\poly_seg\datasets\cvc-clinicdb\images\235.png,E:\pyproject\valueproject\poly_seg\datasets\cvc-clinicdb\masks\235.png
175,train,378.png,E:\pyproject\valueproject\poly_seg\datasets\cvc-clinicdb\images\378.png,E:\pyproject\valueproject\poly_seg\datasets\cvc-clinicdb\masks\378.png
176,train,444.png,E:\pyproject\valueproject\poly_seg\datasets\cvc-clinicdb\images\444.png,E:\pyproject\valueproject\poly_seg\datasets\cvc-clinicdb\masks\444.png
177,train,386.png,E:\pyproject\valueproject\poly_seg\datasets\cvc-clinicdb\images\386.png,E:\pyproject\valueproject\poly_seg\datasets\cvc-clinicdb\masks\386.png
178,train,58.png,E:\pyproject\valueproject\poly_seg\datasets\cvc-clinicdb\images\58.png,E:\pyproject\valueproject\poly_seg\datasets\cvc-clinicdb\masks\58.png
179,train,284.png,E:\pyproject\valueproject\poly_seg\datasets\cvc-clinicdb\images\284.png,E:\pyproject\valueproject\poly_seg\datasets\cvc-clinicdb\masks\284.png
180,train,209.png,E:\pyproject\valueproject\poly_seg\datasets\cvc-clinicdb\images\209.png,E:\pyproject\valueproject\poly_seg\datasets\cvc-clinicdb\masks\209.png
181,train,376.png,E:\pyproject\valueproject\poly_seg\datasets\cvc-clinicdb\images\376.png,E:\pyproject\valueproject\poly_seg\datasets\cvc-clinicdb\masks\376.png
182,train,423.png,E:\pyproject\valueproject\poly_seg\datasets\cvc-clinicdb\images\423.png,E:\pyproject\valueproject\poly_seg\datasets\cvc-clinicdb\masks\423.png
183,train,102.png,E:\pyproject\valueproject\poly_seg\datasets\cvc-clinicdb\images\102.png,E:\pyproject\valueproject\poly_seg\datasets\cvc-clinicdb\masks\102.png
184,train,462.png,E:\pyproject\valueproject\poly_seg\datasets\cvc-clinicdb\images\462.png,E:\pyproject\valueproject\poly_seg\datasets\cvc-clinicdb\masks\462.png
185,train,151.png,E:\pyproject\valueproject\poly_seg\datasets\cvc-clinicdb\images\151.png,E:\pyproject\valueproject\poly_seg\datasets\cvc-clinicdb\masks\151.png
186,train,474.png,E:\pyproject\valueproject\poly_seg\datasets\cvc-clinicdb\images\474.png,E:\pyproject\valueproject\poly_seg\datasets\cvc-clinicdb\masks\474.png
187,train,158.png,E:\pyproject\valueproject\poly_seg\datasets\cvc-clinicdb\images\158.png,E:\pyproject\valueproject\poly_seg\datasets\cvc-clinicdb\masks\158.png
188,train,522.png,E:\pyproject\valueproject\poly_seg\datasets\cvc-clinicdb\images\522.png,E:\pyproject\valueproject\poly_seg\datasets\cvc-clinicdb\masks\522.png
189,train,227.png,E:\pyproject\valueproject\poly_seg\datasets\cvc-clinicdb\images\227.png,E:\pyproject\valueproject\poly_seg\datasets\cvc-clinicdb\masks\227.png
190,train,257.png,E:\pyproject\valueproject\poly_seg\datasets\cvc-clinicdb\images\257.png,E:\pyproject\valueproject\poly_seg\datasets\cvc-clinicdb\masks\257.png
191,train,275.png,E:\pyproject\valueproject\poly_seg\datasets\cvc-clinicdb\images\275.png,E:\pyproject\valueproject\poly_seg\datasets\cvc-clinicdb\masks\275.png
192,train,323.png,E:\pyproject\valueproject\poly_seg\datasets\cvc-clinicdb\images\323.png,E:\pyproject\valueproject\poly_seg\datasets\cvc-clinicdb\masks\323.png
193,train,591.png,E:\pyproject\valueproject\poly_seg\datasets\cvc-clinicdb\images\591.png,E:\pyproject\valueproject\poly_seg\datasets\cvc-clinicdb\masks\591.png
194,train,537.png,E:\pyproject\valueproject\poly_seg\datasets\cvc-clinicdb\images\537.png,E:\pyproject\valueproject\poly_seg\datasets\cvc-clinicdb\masks\537.png
195,train,596.png,E:\pyproject\valueproject\poly_seg\datasets\cvc-clinicdb\images\596.png,E:\pyproject\valueproject\poly_seg\datasets\cvc-clinicdb\masks\596.png
196,train,140.png,E:\pyproject\valueproject\poly_seg\datasets\cvc-clinicdb\images\140.png,E:\pyproject\valueproject\poly_seg\datasets\cvc-clinicdb\masks\140.png
197,train,578.png,E:\pyproject\valueproject\poly_seg\datasets\cvc-clinicdb\images\578.png,E:\pyproject\valueproject\poly_seg\datasets\cvc-clinicdb\masks\578.png
198,train,552.png,E:\pyproject\valueproject\poly_seg\datasets\cvc-clinicdb\images\552.png,E:\pyproject\valueproject\poly_seg\datasets\cvc-clinicdb\masks\552.png
199,train,97.png,E:\pyproject\valueproject\poly_seg\datasets\cvc-clinicdb\images\97.png,E:\pyproject\valueproject\poly_seg\datasets\cvc-clinicdb\masks\97.png
200,train,196.png,E:\pyproject\valueproject\poly_seg\datasets\cvc-clinicdb\images\196.png,E:\pyproject\valueproject\poly_seg\datasets\cvc-clinicdb\masks\196.png
201,train,278.png,E:\pyproject\valueproject\poly_seg\datasets\cvc-clinicdb\images\278.png,E:\pyproject\valueproject\poly_seg\datasets\cvc-clinicdb\masks\278.png
202,train,333.png,E:\pyproject\valueproject\poly_seg\datasets\cvc-clinicdb\images\333.png,E:\pyproject\valueproject\poly_seg\datasets\cvc-clinicdb\masks\333.png
203,train,432.png,E:\pyproject\valueproject\poly_seg\datasets\cvc-clinicdb\images\432.png,E:\pyproject\valueproject\poly_seg\datasets\cvc-clinicdb\masks\432.png
204,train,188.png,E:\pyproject\valueproject\poly_seg\datasets\cvc-clinicdb\images\188.png,E:\pyproject\valueproject\poly_seg\datasets\cvc-clinicdb\masks\188.png
205,train,459.png,E:\pyproject\valueproject\poly_seg\datasets\cvc-clinicdb\images\459.png,E:\pyproject\valueproject\poly_seg\datasets\cvc-clinicdb\masks\459.png
206,train,326.png,E:\pyproject\valueproject\poly_seg\datasets\cvc-clinicdb\images\326.png,E:\pyproject\valueproject\poly_seg\datasets\cvc-clinicdb\masks\326.png
207,train,88.png,E:\pyproject\valueproject\poly_seg\datasets\cvc-clinicdb\images\88.png,E:\pyproject\valueproject\poly_seg\datasets\cvc-clinicdb\masks\88.png
208,train,536.png,E:\pyproject\valueproject\poly_seg\datasets\cvc-clinicdb\images\536.png,E:\pyproject\valueproject\poly_seg\datasets\cvc-clinicdb\masks\536.png
209,train,197.png,E:\pyproject\valueproject\poly_seg\datasets\cvc-clinicdb\images\197.png,E:\pyproject\valueproject\poly_seg\datasets\cvc-clinicdb\masks\197.png
210,train,349.png,E:\pyproject\valueproject\poly_seg\datasets\cvc-clinicdb\images\349.png,E:\pyproject\valueproject\poly_seg\datasets\cvc-clinicdb\masks\349.png
211,train,169.png,E:\pyproject\valueproject\poly_seg\datasets\cvc-clinicdb\images\169.png,E:\pyproject\valueproject\poly_seg\datasets\cvc-clinicdb\masks\169.png
212,train,523.png,E:\pyproject\valueproject\poly_seg\datasets\cvc-clinicdb\images\523.png,E:\pyproject\valueproject\poly_seg\datasets\cvc-clinicdb\masks\523.png
213,train,248.png,E:\pyproject\valueproject\poly_seg\datasets\cvc-clinicdb\images\248.png,E:\pyproject\valueproject\poly_seg\datasets\cvc-clinicdb\masks\248.png
214,train,236.png,E:\pyproject\valueproject\poly_seg\datasets\cvc-clinicdb\images\236.png,E:\pyproject\valueproject\poly_seg\datasets\cvc-clinicdb\masks\236.png
215,train,404.png,E:\pyproject\valueproject\poly_seg\datasets\cvc-clinicdb\images\404.png,E:\pyproject\valueproject\poly_seg\datasets\cvc-clinicdb\masks\404.png
216,train,372.png,E:\pyproject\valueproject\poly_seg\datasets\cvc-clinicdb\images\372.png,E:\pyproject\valueproject\poly_seg\datasets\cvc-clinicdb\masks\372.png
217,train,353.png,E:\pyproject\valueproject\poly_seg\datasets\cvc-clinicdb\images\353.png,E:\pyproject\valueproject\poly_seg\datasets\cvc-clinicdb\masks\353.png
218,train,575.png,E:\pyproject\valueproject\poly_seg\datasets\cvc-clinicdb\images\575.png,E:\pyproject\valueproject\poly_seg\datasets\cvc-clinicdb\masks\575.png
219,train,365.png,E:\pyproject\valueproject\poly_seg\datasets\cvc-clinicdb\images\365.png,E:\pyproject\valueproject\poly_seg\datasets\cvc-clinicdb\masks\365.png
220,train,409.png,E:\pyproject\valueproject\poly_seg\datasets\cvc-clinicdb\images\409.png,E:\pyproject\valueproject\poly_seg\datasets\cvc-clinicdb\masks\409.png
221,train,503.png,E:\pyproject\valueproject\poly_seg\datasets\cvc-clinicdb\images\503.png,E:\pyproject\valueproject\poly_seg\datasets\cvc-clinicdb\masks\503.png
222,train,136.png,E:\pyproject\valueproject\poly_seg\datasets\cvc-clinicdb\images\136.png,E:\pyproject\valueproject\poly_seg\datasets\cvc-clinicdb\masks\136.png
223,train,124.png,E:\pyproject\valueproject\poly_seg\datasets\cvc-clinicdb\images\124.png,E:\pyproject\valueproject\poly_seg\datasets\cvc-clinicdb\masks\124.png
224,train,265.png,E:\pyproject\valueproject\poly_seg\datasets\cvc-clinicdb\images\265.png,E:\pyproject\valueproject\poly_seg\datasets\cvc-clinicdb\masks\265.png
225,train,504.png,E:\pyproject\valueproject\poly_seg\datasets\cvc-clinicdb\images\504.png,E:\pyproject\valueproject\poly_seg\datasets\cvc-clinicdb\masks\504.png
226,train,38.png,E:\pyproject\valueproject\poly_seg\datasets\cvc-clinicdb\images\38.png,E:\pyproject\valueproject\poly_seg\datasets\cvc-clinicdb\masks\38.png
227,train,594.png,E:\pyproject\valueproject\poly_seg\datasets\cvc-clinicdb\images\594.png,E:\pyproject\valueproject\poly_seg\datasets\cvc-clinicdb\masks\594.png
228,train,528.png,E:\pyproject\valueproject\poly_seg\datasets\cvc-clinicdb\images\528.png,E:\pyproject\valueproject\poly_seg\datasets\cvc-clinicdb\masks\528.png
229,train,223.png,E:\pyproject\valueproject\poly_seg\datasets\cvc-clinicdb\images\223.png,E:\pyproject\valueproject\poly_seg\datasets\cvc-clinicdb\masks\223.png
230,train,103.png,E:\pyproject\valueproject\poly_seg\datasets\cvc-clinicdb\images\103.png,E:\pyproject\valueproject\poly_seg\datasets\cvc-clinicdb\masks\103.png
231,train,568.png,E:\pyproject\valueproject\poly_seg\datasets\cvc-clinicdb\images\568.png,E:\pyproject\valueproject\poly_seg\datasets\cvc-clinicdb\masks\568.png
232,train,580.png,E:\pyproject\valueproject\poly_seg\datasets\cvc-clinicdb\images\580.png,E:\pyproject\valueproject\poly_seg\datasets\cvc-clinicdb\masks\580.png
233,train,490.png,E:\pyproject\valueproject\poly_seg\datasets\cvc-clinicdb\images\490.png,E:\pyproject\valueproject\poly_seg\datasets\cvc-clinicdb\masks\490.png
234,train,195.png,E:\pyproject\valueproject\poly_seg\datasets\cvc-clinicdb\images\195.png,E:\pyproject\valueproject\poly_seg\datasets\cvc-clinicdb\masks\195.png
235,train,315.png,E:\pyproject\valueproject\poly_seg\datasets\cvc-clinicdb\images\315.png,E:\pyproject\valueproject\poly_seg\datasets\cvc-clinicdb\masks\315.png
236,train,481.png,E:\pyproject\valueproject\poly_seg\datasets\cvc-clinicdb\images\481.png,E:\pyproject\valueproject\poly_seg\datasets\cvc-clinicdb\masks\481.png
237,train,127.png,E:\pyproject\valueproject\poly_seg\datasets\cvc-clinicdb\images\127.png,E:\pyproject\valueproject\poly_seg\datasets\cvc-clinicdb\masks\127.png
238,train,449.png,E:\pyproject\valueproject\poly_seg\datasets\cvc-clinicdb\images\449.png,E:\pyproject\valueproject\poly_seg\datasets\cvc-clinicdb\masks\449.png
239,train,442.png,E:\pyproject\valueproject\poly_seg\datasets\cvc-clinicdb\images\442.png,E:\pyproject\valueproject\poly_seg\datasets\cvc-clinicdb\masks\442.png
240,train,414.png,E:\pyproject\valueproject\poly_seg\datasets\cvc-clinicdb\images\414.png,E:\pyproject\valueproject\poly_seg\datasets\cvc-clinicdb\masks\414.png
241,train,267.png,E:\pyproject\valueproject\poly_seg\datasets\cvc-clinicdb\images\267.png,E:\pyproject\valueproject\poly_seg\datasets\cvc-clinicdb\masks\267.png
242,train,534.png,E:\pyproject\valueproject\poly_seg\datasets\cvc-clinicdb\images\534.png,E:\pyproject\valueproject\poly_seg\datasets\cvc-clinicdb\masks\534.png
243,train,175.png,E:\pyproject\valueproject\poly_seg\datasets\cvc-clinicdb\images\175.png,E:\pyproject\valueproject\poly_seg\datasets\cvc-clinicdb\masks\175.png
244,train,472.png,E:\pyproject\valueproject\poly_seg\datasets\cvc-clinicdb\images\472.png,E:\pyproject\valueproject\poly_seg\datasets\cvc-clinicdb\masks\472.png
245,train,164.png,E:\pyproject\valueproject\poly_seg\datasets\cvc-clinicdb\images\164.png,E:\pyproject\valueproject\poly_seg\datasets\cvc-clinicdb\masks\164.png
246,train,104.png,E:\pyproject\valueproject\poly_seg\datasets\cvc-clinicdb\images\104.png,E:\pyproject\valueproject\poly_seg\datasets\cvc-clinicdb\masks\104.png
247,train,300.png,E:\pyproject\valueproject\poly_seg\datasets\cvc-clinicdb\images\300.png,E:\pyproject\valueproject\poly_seg\datasets\cvc-clinicdb\masks\300.png
248,train,425.png,E:\pyproject\valueproject\poly_seg\datasets\cvc-clinicdb\images\425.png,E:\pyproject\valueproject\poly_seg\datasets\cvc-clinicdb\masks\425.png
249,train,264.png,E:\pyproject\valueproject\poly_seg\datasets\cvc-clinicdb\images\264.png,E:\pyproject\valueproject\poly_seg\datasets\cvc-clinicdb\masks\264.png
250,train,269.png,E:\pyproject\valueproject\poly_seg\datasets\cvc-clinicdb\images\269.png,E:\pyproject\valueproject\poly_seg\datasets\cvc-clinicdb\masks\269.png
251,train,111.png,E:\pyproject\valueproject\poly_seg\datasets\cvc-clinicdb\images\111.png,E:\pyproject\valueproject\poly_seg\datasets\cvc-clinicdb\masks\111.png
252,train,7.png,E:\pyproject\valueproject\poly_seg\datasets\cvc-clinicdb\images\7.png,E:\pyproject\valueproject\poly_seg\datasets\cvc-clinicdb\masks\7.png
253,train,288.png,E:\pyproject\valueproject\poly_seg\datasets\cvc-clinicdb\images\288.png,E:\pyproject\valueproject\poly_seg\datasets\cvc-clinicdb\masks\288.png
254,train,565.png,E:\pyproject\valueproject\poly_seg\datasets\cvc-clinicdb\images\565.png,E:\pyproject\valueproject\poly_seg\datasets\cvc-clinicdb\masks\565.png
255,train,457.png,E:\pyproject\valueproject\poly_seg\datasets\cvc-clinicdb\images\457.png,E:\pyproject\valueproject\poly_seg\datasets\cvc-clinicdb\masks\457.png
256,train,75.png,E:\pyproject\valueproject\poly_seg\datasets\cvc-clinicdb\images\75.png,E:\pyproject\valueproject\poly_seg\datasets\cvc-clinicdb\masks\75.png
257,train,214.png,E:\pyproject\valueproject\poly_seg\datasets\cvc-clinicdb\images\214.png,E:\pyproject\valueproject\poly_seg\datasets\cvc-clinicdb\masks\214.png
258,train,33.png,E:\pyproject\valueproject\poly_seg\datasets\cvc-clinicdb\images\33.png,E:\pyproject\valueproject\poly_seg\datasets\cvc-clinicdb\masks\33.png
259,train,271.png,E:\pyproject\valueproject\poly_seg\datasets\cvc-clinicdb\images\271.png,E:\pyproject\valueproject\poly_seg\datasets\cvc-clinicdb\masks\271.png
260,train,40.png,E:\pyproject\valueproject\poly_seg\datasets\cvc-clinicdb\images\40.png,E:\pyproject\valueproject\poly_seg\datasets\cvc-clinicdb\masks\40.png
261,train,296.png,E:\pyproject\valueproject\poly_seg\datasets\cvc-clinicdb\images\296.png,E:\pyproject\valueproject\poly_seg\datasets\cvc-clinicdb\masks\296.png
262,train,311.png,E:\pyproject\valueproject\poly_seg\datasets\cvc-clinicdb\images\311.png,E:\pyproject\valueproject\poly_seg\datasets\cvc-clinicdb\masks\311.png
263,train,381.png,E:\pyproject\valueproject\poly_seg\datasets\cvc-clinicdb\images\381.png,E:\pyproject\valueproject\poly_seg\datasets\cvc-clinicdb\masks\381.png
264,train,589.png,E:\pyproject\valueproject\poly_seg\datasets\cvc-clinicdb\images\589.png,E:\pyproject\valueproject\poly_seg\datasets\cvc-clinicdb\masks\589.png
265,train,285.png,E:\pyproject\valueproject\poly_seg\datasets\cvc-clinicdb\images\285.png,E:\pyproject\valueproject\poly_seg\datasets\cvc-clinicdb\masks\285.png
266,train,116.png,E:\pyproject\valueproject\poly_seg\datasets\cvc-clinicdb\images\116.png,E:\pyproject\valueproject\poly_seg\datasets\cvc-clinicdb\masks\116.png
267,train,309.png,E:\pyproject\valueproject\poly_seg\datasets\cvc-clinicdb\images\309.png,E:\pyproject\valueproject\poly_seg\datasets\cvc-clinicdb\masks\309.png
268,train,357.png,E:\pyproject\valueproject\poly_seg\datasets\cvc-clinicdb\images\357.png,E:\pyproject\valueproject\poly_seg\datasets\cvc-clinicdb\masks\357.png
269,train,260.png,E:\pyproject\valueproject\poly_seg\datasets\cvc-clinicdb\images\260.png,E:\pyproject\valueproject\poly_seg\datasets\cvc-clinicdb\masks\260.png
270,train,56.png,E:\pyproject\valueproject\poly_seg\datasets\cvc-clinicdb\images\56.png,E:\pyproject\valueproject\poly_seg\datasets\cvc-clinicdb\masks\56.png
271,train,61.png,E:\pyproject\valueproject\poly_seg\datasets\cvc-clinicdb\images\61.png,E:\pyproject\valueproject\poly_seg\datasets\cvc-clinicdb\masks\61.png
272,train,241.png,E:\pyproject\valueproject\poly_seg\datasets\cvc-clinicdb\images\241.png,E:\pyproject\valueproject\poly_seg\datasets\cvc-clinicdb\masks\241.png
273,train,80.png,E:\pyproject\valueproject\poly_seg\datasets\cvc-clinicdb\images\80.png,E:\pyproject\valueproject\poly_seg\datasets\cvc-clinicdb\masks\80.png
274,train,207.png,E:\pyproject\valueproject\poly_seg\datasets\cvc-clinicdb\images\207.png,E:\pyproject\valueproject\poly_seg\datasets\cvc-clinicdb\masks\207.png
275,train,67.png,E:\pyproject\valueproject\poly_seg\datasets\cvc-clinicdb\images\67.png,E:\pyproject\valueproject\poly_seg\datasets\cvc-clinicdb\masks\67.png
276,train,125.png,E:\pyproject\valueproject\poly_seg\datasets\cvc-clinicdb\images\125.png,E:\pyproject\valueproject\poly_seg\datasets\cvc-clinicdb\masks\125.png
277,train,352.png,E:\pyproject\valueproject\poly_seg\datasets\cvc-clinicdb\images\352.png,E:\pyproject\valueproject\poly_seg\datasets\cvc-clinicdb\masks\352.png
278,train,605.png,E:\pyproject\valueproject\poly_seg\datasets\cvc-clinicdb\images\605.png,E:\pyproject\valueproject\poly_seg\datasets\cvc-clinicdb\masks\605.png
279,train,354.png,E:\pyproject\valueproject\poly_seg\datasets\cvc-clinicdb\images\354.png,E:\pyproject\valueproject\poly_seg\datasets\cvc-clinicdb\masks\354.png
280,train,484.png,E:\pyproject\valueproject\poly_seg\datasets\cvc-clinicdb\images\484.png,E:\pyproject\valueproject\poly_seg\datasets\cvc-clinicdb\masks\484.png
281,train,477.png,E:\pyproject\valueproject\poly_seg\datasets\cvc-clinicdb\images\477.png,E:\pyproject\valueproject\poly_seg\datasets\cvc-clinicdb\masks\477.png
282,train,374.png,E:\pyproject\valueproject\poly_seg\datasets\cvc-clinicdb\images\374.png,E:\pyproject\valueproject\poly_seg\datasets\cvc-clinicdb\masks\374.png
283,train,217.png,E:\pyproject\valueproject\poly_seg\datasets\cvc-clinicdb\images\217.png,E:\pyproject\valueproject\poly_seg\datasets\cvc-clinicdb\masks\217.png
284,train,219.png,E:\pyproject\valueproject\poly_seg\datasets\cvc-clinicdb\images\219.png,E:\pyproject\valueproject\poly_seg\datasets\cvc-clinicdb\masks\219.png
285,train,422.png,E:\pyproject\valueproject\poly_seg\datasets\cvc-clinicdb\images\422.png,E:\pyproject\valueproject\poly_seg\datasets\cvc-clinicdb\masks\422.png
286,train,244.png,E:\pyproject\valueproject\poly_seg\datasets\cvc-clinicdb\images\244.png,E:\pyproject\valueproject\poly_seg\datasets\cvc-clinicdb\masks\244.png
287,train,233.png,E:\pyproject\valueproject\poly_seg\datasets\cvc-clinicdb\images\233.png,E:\pyproject\valueproject\poly_seg\datasets\cvc-clinicdb\masks\233.png
288,train,90.png,E:\pyproject\valueproject\poly_seg\datasets\cvc-clinicdb\images\90.png,E:\pyproject\valueproject\poly_seg\datasets\cvc-clinicdb\masks\90.png
289,train,226.png,E:\pyproject\valueproject\poly_seg\datasets\cvc-clinicdb\images\226.png,E:\pyproject\valueproject\poly_seg\datasets\cvc-clinicdb\masks\226.png
290,train,51.png,E:\pyproject\valueproject\poly_seg\datasets\cvc-clinicdb\images\51.png,E:\pyproject\valueproject\poly_seg\datasets\cvc-clinicdb\masks\51.png
291,train,526.png,E:\pyproject\valueproject\poly_seg\datasets\cvc-clinicdb\images\526.png,E:\pyproject\valueproject\poly_seg\datasets\cvc-clinicdb\masks\526.png
292,train,366.png,E:\pyproject\valueproject\poly_seg\datasets\cvc-clinicdb\images\366.png,E:\pyproject\valueproject\poly_seg\datasets\cvc-clinicdb\masks\366.png
293,train,184.png,E:\pyproject\valueproject\poly_seg\datasets\cvc-clinicdb\images\184.png,E:\pyproject\valueproject\poly_seg\datasets\cvc-clinicdb\masks\184.png
294,train,512.png,E:\pyproject\valueproject\poly_seg\datasets\cvc-clinicdb\images\512.png,E:\pyproject\valueproject\poly_seg\datasets\cvc-clinicdb\masks\512.png
295,train,126.png,E:\pyproject\valueproject\poly_seg\datasets\cvc-clinicdb\images\126.png,E:\pyproject\valueproject\poly_seg\datasets\cvc-clinicdb\masks\126.png
296,train,476.png,E:\pyproject\valueproject\poly_seg\datasets\cvc-clinicdb\images\476.png,E:\pyproject\valueproject\poly_seg\datasets\cvc-clinicdb\masks\476.png
297,train,456.png,E:\pyproject\valueproject\poly_seg\datasets\cvc-clinicdb\images\456.png,E:\pyproject\valueproject\poly_seg\datasets\cvc-clinicdb\masks\456.png
298,train,30.png,E:\pyproject\valueproject\poly_seg\datasets\cvc-clinicdb\images\30.png,E:\pyproject\valueproject\poly_seg\datasets\cvc-clinicdb\masks\30.png
299,train,539.png,E:\pyproject\valueproject\poly_seg\datasets\cvc-clinicdb\images\539.png,E:\pyproject\valueproject\poly_seg\datasets\cvc-clinicdb\masks\539.png
300,train,220.png,E:\pyproject\valueproject\poly_seg\datasets\cvc-clinicdb\images\220.png,E:\pyproject\valueproject\poly_seg\datasets\cvc-clinicdb\masks\220.png
301,train,145.png,E:\pyproject\valueproject\poly_seg\datasets\cvc-clinicdb\images\145.png,E:\pyproject\valueproject\poly_seg\datasets\cvc-clinicdb\masks\145.png
302,train,498.png,E:\pyproject\valueproject\poly_seg\datasets\cvc-clinicdb\images\498.png,E:\pyproject\valueproject\poly_seg\datasets\cvc-clinicdb\masks\498.png
303,train,379.png,E:\pyproject\valueproject\poly_seg\datasets\cvc-clinicdb\images\379.png,E:\pyproject\valueproject\poly_seg\datasets\cvc-clinicdb\masks\379.png
304,train,516.png,E:\pyproject\valueproject\poly_seg\datasets\cvc-clinicdb\images\516.png,E:\pyproject\valueproject\poly_seg\datasets\cvc-clinicdb\masks\516.png
305,train,359.png,E:\pyproject\valueproject\poly_seg\datasets\cvc-clinicdb\images\359.png,E:\pyproject\valueproject\poly_seg\datasets\cvc-clinicdb\masks\359.png
306,train,234.png,E:\pyproject\valueproject\poly_seg\datasets\cvc-clinicdb\images\234.png,E:\pyproject\valueproject\poly_seg\datasets\cvc-clinicdb\masks\234.png
307,train,361.png,E:\pyproject\valueproject\poly_seg\datasets\cvc-clinicdb\images\361.png,E:\pyproject\valueproject\poly_seg\datasets\cvc-clinicdb\masks\361.png
308,train,396.png,E:\pyproject\valueproject\poly_seg\datasets\cvc-clinicdb\images\396.png,E:\pyproject\valueproject\poly_seg\datasets\cvc-clinicdb\masks\396.png
309,train,360.png,E:\pyproject\valueproject\poly_seg\datasets\cvc-clinicdb\images\360.png,E:\pyproject\valueproject\poly_seg\datasets\cvc-clinicdb\masks\360.png
310,train,355.png,E:\pyproject\valueproject\poly_seg\datasets\cvc-clinicdb\images\355.png,E:\pyproject\valueproject\poly_seg\datasets\cvc-clinicdb\masks\355.png
311,train,228.png,E:\pyproject\valueproject\poly_seg\datasets\cvc-clinicdb\images\228.png,E:\pyproject\valueproject\poly_seg\datasets\cvc-clinicdb\masks\228.png
312,train,15.png,E:\pyproject\valueproject\poly_seg\datasets\cvc-clinicdb\images\15.png,E:\pyproject\valueproject\poly_seg\datasets\cvc-clinicdb\masks\15.png
313,train,199.png,E:\pyproject\valueproject\poly_seg\datasets\cvc-clinicdb\images\199.png,E:\pyproject\valueproject\poly_seg\datasets\cvc-clinicdb\masks\199.png
314,train,576.png,E:\pyproject\valueproject\poly_seg\datasets\cvc-clinicdb\images\576.png,E:\pyproject\valueproject\poly_seg\datasets\cvc-clinicdb\masks\576.png
315,train,363.png,E:\pyproject\valueproject\poly_seg\datasets\cvc-clinicdb\images\363.png,E:\pyproject\valueproject\poly_seg\datasets\cvc-clinicdb\masks\363.png
316,train,358.png,E:\pyproject\valueproject\poly_seg\datasets\cvc-clinicdb\images\358.png,E:\pyproject\valueproject\poly_seg\datasets\cvc-clinicdb\masks\358.png
317,train,450.png,E:\pyproject\valueproject\poly_seg\datasets\cvc-clinicdb\images\450.png,E:\pyproject\valueproject\poly_seg\datasets\cvc-clinicdb\masks\450.png
318,train,171.png,E:\pyproject\valueproject\poly_seg\datasets\cvc-clinicdb\images\171.png,E:\pyproject\valueproject\poly_seg\datasets\cvc-clinicdb\masks\171.png
319,train,470.png,E:\pyproject\valueproject\poly_seg\datasets\cvc-clinicdb\images\470.png,E:\pyproject\valueproject\poly_seg\datasets\cvc-clinicdb\masks\470.png
320,train,468.png,E:\pyproject\valueproject\poly_seg\datasets\cvc-clinicdb\images\468.png,E:\pyproject\valueproject\poly_seg\datasets\cvc-clinicdb\masks\468.png
321,train,96.png,E:\pyproject\valueproject\poly_seg\datasets\cvc-clinicdb\images\96.png,E:\pyproject\valueproject\poly_seg\datasets\cvc-clinicdb\masks\96.png
322,train,500.png,E:\pyproject\valueproject\poly_seg\datasets\cvc-clinicdb\images\500.png,E:\pyproject\valueproject\poly_seg\datasets\cvc-clinicdb\masks\500.png
323,train,287.png,E:\pyproject\valueproject\poly_seg\datasets\cvc-clinicdb\images\287.png,E:\pyproject\valueproject\poly_seg\datasets\cvc-clinicdb\masks\287.png
324,train,251.png,E:\pyproject\valueproject\poly_seg\datasets\cvc-clinicdb\images\251.png,E:\pyproject\valueproject\poly_seg\datasets\cvc-clinicdb\masks\251.png
325,train,308.png,E:\pyproject\valueproject\poly_seg\datasets\cvc-clinicdb\images\308.png,E:\pyproject\valueproject\poly_seg\datasets\cvc-clinicdb\masks\308.png
326,train,530.png,E:\pyproject\valueproject\poly_seg\datasets\cvc-clinicdb\images\530.png,E:\pyproject\valueproject\poly_seg\datasets\cvc-clinicdb\masks\530.png
327,train,510.png,E:\pyproject\valueproject\poly_seg\datasets\cvc-clinicdb\images\510.png,E:\pyproject\valueproject\poly_seg\datasets\cvc-clinicdb\masks\510.png
328,train,205.png,E:\pyproject\valueproject\poly_seg\datasets\cvc-clinicdb\images\205.png,E:\pyproject\valueproject\poly_seg\datasets\cvc-clinicdb\masks\205.png
329,train,198.png,E:\pyproject\valueproject\poly_seg\datasets\cvc-clinicdb\images\198.png,E:\pyproject\valueproject\poly_seg\datasets\cvc-clinicdb\masks\198.png
330,train,142.png,E:\pyproject\valueproject\poly_seg\datasets\cvc-clinicdb\images\142.png,E:\pyproject\valueproject\poly_seg\datasets\cvc-clinicdb\masks\142.png
331,train,225.png,E:\pyproject\valueproject\poly_seg\datasets\cvc-clinicdb\images\225.png,E:\pyproject\valueproject\poly_seg\datasets\cvc-clinicdb\masks\225.png
332,train,340.png,E:\pyproject\valueproject\poly_seg\datasets\cvc-clinicdb\images\340.png,E:\pyproject\valueproject\poly_seg\datasets\cvc-clinicdb\masks\340.png
333,train,341.png,E:\pyproject\valueproject\poly_seg\datasets\cvc-clinicdb\images\341.png,E:\pyproject\valueproject\poly_seg\datasets\cvc-clinicdb\masks\341.png
334,train,593.png,E:\pyproject\valueproject\poly_seg\datasets\cvc-clinicdb\images\593.png,E:\pyproject\valueproject\poly_seg\datasets\cvc-clinicdb\masks\593.png
335,train,303.png,E:\pyproject\valueproject\poly_seg\datasets\cvc-clinicdb\images\303.png,E:\pyproject\valueproject\poly_seg\datasets\cvc-clinicdb\masks\303.png
336,train,320.png,E:\pyproject\valueproject\poly_seg\datasets\cvc-clinicdb\images\320.png,E:\pyproject\valueproject\poly_seg\datasets\cvc-clinicdb\masks\320.png
337,train,338.png,E:\pyproject\valueproject\poly_seg\datasets\cvc-clinicdb\images\338.png,E:\pyproject\valueproject\poly_seg\datasets\cvc-clinicdb\masks\338.png
338,train,461.png,E:\pyproject\valueproject\poly_seg\datasets\cvc-clinicdb\images\461.png,E:\pyproject\valueproject\poly_seg\datasets\cvc-clinicdb\masks\461.png
339,train,180.png,E:\pyproject\valueproject\poly_seg\datasets\cvc-clinicdb\images\180.png,E:\pyproject\valueproject\poly_seg\datasets\cvc-clinicdb\masks\180.png
340,train,314.png,E:\pyproject\valueproject\poly_seg\datasets\cvc-clinicdb\images\314.png,E:\pyproject\valueproject\poly_seg\datasets\cvc-clinicdb\masks\314.png
341,train,231.png,E:\pyproject\valueproject\poly_seg\datasets\cvc-clinicdb\images\231.png,E:\pyproject\valueproject\poly_seg\datasets\cvc-clinicdb\masks\231.png
342,train,607.png,E:\pyproject\valueproject\poly_seg\datasets\cvc-clinicdb\images\607.png,E:\pyproject\valueproject\poly_seg\datasets\cvc-clinicdb\masks\607.png
343,train,548.png,E:\pyproject\valueproject\poly_seg\datasets\cvc-clinicdb\images\548.png,E:\pyproject\valueproject\poly_seg\datasets\cvc-clinicdb\masks\548.png
344,train,312.png,E:\pyproject\valueproject\poly_seg\datasets\cvc-clinicdb\images\312.png,E:\pyproject\valueproject\poly_seg\datasets\cvc-clinicdb\masks\312.png
345,train,22.png,E:\pyproject\valueproject\poly_seg\datasets\cvc-clinicdb\images\22.png,E:\pyproject\valueproject\poly_seg\datasets\cvc-clinicdb\masks\22.png
346,train,18.png,E:\pyproject\valueproject\poly_seg\datasets\cvc-clinicdb\images\18.png,E:\pyproject\valueproject\poly_seg\datasets\cvc-clinicdb\masks\18.png
347,train,258.png,E:\pyproject\valueproject\poly_seg\datasets\cvc-clinicdb\images\258.png,E:\pyproject\valueproject\poly_seg\datasets\cvc-clinicdb\masks\258.png
348,train,420.png,E:\pyproject\valueproject\poly_seg\datasets\cvc-clinicdb\images\420.png,E:\pyproject\valueproject\poly_seg\datasets\cvc-clinicdb\masks\420.png
349,train,486.png,E:\pyproject\valueproject\poly_seg\datasets\cvc-clinicdb\images\486.png,E:\pyproject\valueproject\poly_seg\datasets\cvc-clinicdb\masks\486.png
350,train,276.png,E:\pyproject\valueproject\poly_seg\datasets\cvc-clinicdb\images\276.png,E:\pyproject\valueproject\poly_seg\datasets\cvc-clinicdb\masks\276.png
351,train,135.png,E:\pyproject\valueproject\poly_seg\datasets\cvc-clinicdb\images\135.png,E:\pyproject\valueproject\poly_seg\datasets\cvc-clinicdb\masks\135.png
352,train,290.png,E:\pyproject\valueproject\poly_seg\datasets\cvc-clinicdb\images\290.png,E:\pyproject\valueproject\poly_seg\datasets\cvc-clinicdb\masks\290.png
353,train,344.png,E:\pyproject\valueproject\poly_seg\datasets\cvc-clinicdb\images\344.png,E:\pyproject\valueproject\poly_seg\datasets\cvc-clinicdb\masks\344.png
354,train,549.png,E:\pyproject\valueproject\poly_seg\datasets\cvc-clinicdb\images\549.png,E:\pyproject\valueproject\poly_seg\datasets\cvc-clinicdb\masks\549.png
355,train,224.png,E:\pyproject\valueproject\poly_seg\datasets\cvc-clinicdb\images\224.png,E:\pyproject\valueproject\poly_seg\datasets\cvc-clinicdb\masks\224.png
356,train,475.png,E:\pyproject\valueproject\poly_seg\datasets\cvc-clinicdb\images\475.png,E:\pyproject\valueproject\poly_seg\datasets\cvc-clinicdb\masks\475.png
357,train,185.png,E:\pyproject\valueproject\poly_seg\datasets\cvc-clinicdb\images\185.png,E:\pyproject\valueproject\poly_seg\datasets\cvc-clinicdb\masks\185.png
358,train,403.png,E:\pyproject\valueproject\poly_seg\datasets\cvc-clinicdb\images\403.png,E:\pyproject\valueproject\poly_seg\datasets\cvc-clinicdb\masks\403.png
359,train,85.png,E:\pyproject\valueproject\poly_seg\datasets\cvc-clinicdb\images\85.png,E:\pyproject\valueproject\poly_seg\datasets\cvc-clinicdb\masks\85.png
360,train,162.png,E:\pyproject\valueproject\poly_seg\datasets\cvc-clinicdb\images\162.png,E:\pyproject\valueproject\poly_seg\datasets\cvc-clinicdb\masks\162.png
361,train,600.png,E:\pyproject\valueproject\poly_seg\datasets\cvc-clinicdb\images\600.png,E:\pyproject\valueproject\poly_seg\datasets\cvc-clinicdb\masks\600.png
362,train,2.png,E:\pyproject\valueproject\poly_seg\datasets\cvc-clinicdb\images\2.png,E:\pyproject\valueproject\poly_seg\datasets\cvc-clinicdb\masks\2.png
363,train,343.png,E:\pyproject\valueproject\poly_seg\datasets\cvc-clinicdb\images\343.png,E:\pyproject\valueproject\poly_seg\datasets\cvc-clinicdb\masks\343.png
364,train,48.png,E:\pyproject\valueproject\poly_seg\datasets\cvc-clinicdb\images\48.png,E:\pyproject\valueproject\poly_seg\datasets\cvc-clinicdb\masks\48.png
365,train,159.png,E:\pyproject\valueproject\poly_seg\datasets\cvc-clinicdb\images\159.png,E:\pyproject\valueproject\poly_seg\datasets\cvc-clinicdb\masks\159.png
366,train,108.png,E:\pyproject\valueproject\poly_seg\datasets\cvc-clinicdb\images\108.png,E:\pyproject\valueproject\poly_seg\datasets\cvc-clinicdb\masks\108.png
367,train,73.png,E:\pyproject\valueproject\poly_seg\datasets\cvc-clinicdb\images\73.png,E:\pyproject\valueproject\poly_seg\datasets\cvc-clinicdb\masks\73.png
368,train,427.png,E:\pyproject\valueproject\poly_seg\datasets\cvc-clinicdb\images\427.png,E:\pyproject\valueproject\poly_seg\datasets\cvc-clinicdb\masks\427.png
369,train,321.png,E:\pyproject\valueproject\poly_seg\datasets\cvc-clinicdb\images\321.png,E:\pyproject\valueproject\poly_seg\datasets\cvc-clinicdb\masks\321.png
370,train,186.png,E:\pyproject\valueproject\poly_seg\datasets\cvc-clinicdb\images\186.png,E:\pyproject\valueproject\poly_seg\datasets\cvc-clinicdb\masks\186.png
371,train,395.png,E:\pyproject\valueproject\poly_seg\datasets\cvc-clinicdb\images\395.png,E:\pyproject\valueproject\poly_seg\datasets\cvc-clinicdb\masks\395.png
372,train,567.png,E:\pyproject\valueproject\poly_seg\datasets\cvc-clinicdb\images\567.png,E:\pyproject\valueproject\poly_seg\datasets\cvc-clinicdb\masks\567.png
373,train,120.png,E:\pyproject\valueproject\poly_seg\datasets\cvc-clinicdb\images\120.png,E:\pyproject\valueproject\poly_seg\datasets\cvc-clinicdb\masks\120.png
374,train,35.png,E:\pyproject\valueproject\poly_seg\datasets\cvc-clinicdb\images\35.png,E:\pyproject\valueproject\poly_seg\datasets\cvc-clinicdb\masks\35.png
375,train,44.png,E:\pyproject\valueproject\poly_seg\datasets\cvc-clinicdb\images\44.png,E:\pyproject\valueproject\poly_seg\datasets\cvc-clinicdb\masks\44.png
376,train,12.png,E:\pyproject\valueproject\poly_seg\datasets\cvc-clinicdb\images\12.png,E:\pyproject\valueproject\poly_seg\datasets\cvc-clinicdb\masks\12.png
377,train,179.png,E:\pyproject\valueproject\poly_seg\datasets\cvc-clinicdb\images\179.png,E:\pyproject\valueproject\poly_seg\datasets\cvc-clinicdb\masks\179.png
378,train,398.png,E:\pyproject\valueproject\poly_seg\datasets\cvc-clinicdb\images\398.png,E:\pyproject\valueproject\poly_seg\datasets\cvc-clinicdb\masks\398.png
379,train,479.png,E:\pyproject\valueproject\poly_seg\datasets\cvc-clinicdb\images\479.png,E:\pyproject\valueproject\poly_seg\datasets\cvc-clinicdb\masks\479.png
380,train,114.png,E:\pyproject\valueproject\poly_seg\datasets\cvc-clinicdb\images\114.png,E:\pyproject\valueproject\poly_seg\datasets\cvc-clinicdb\masks\114.png
381,train,57.png,E:\pyproject\valueproject\poly_seg\datasets\cvc-clinicdb\images\57.png,E:\pyproject\valueproject\poly_seg\datasets\cvc-clinicdb\masks\57.png
382,train,351.png,E:\pyproject\valueproject\poly_seg\datasets\cvc-clinicdb\images\351.png,E:\pyproject\valueproject\poly_seg\datasets\cvc-clinicdb\masks\351.png
383,train,130.png,E:\pyproject\valueproject\poly_seg\datasets\cvc-clinicdb\images\130.png,E:\pyproject\valueproject\poly_seg\datasets\cvc-clinicdb\masks\130.png
384,train,426.png,E:\pyproject\valueproject\poly_seg\datasets\cvc-clinicdb\images\426.png,E:\pyproject\valueproject\poly_seg\datasets\cvc-clinicdb\masks\426.png
385,train,411.png,E:\pyproject\valueproject\poly_seg\datasets\cvc-clinicdb\images\411.png,E:\pyproject\valueproject\poly_seg\datasets\cvc-clinicdb\masks\411.png
386,train,606.png,E:\pyproject\valueproject\poly_seg\datasets\cvc-clinicdb\images\606.png,E:\pyproject\valueproject\poly_seg\datasets\cvc-clinicdb\masks\606.png
387,train,497.png,E:\pyproject\valueproject\poly_seg\datasets\cvc-clinicdb\images\497.png,E:\pyproject\valueproject\poly_seg\datasets\cvc-clinicdb\masks\497.png
388,train,588.png,E:\pyproject\valueproject\poly_seg\datasets\cvc-clinicdb\images\588.png,E:\pyproject\valueproject\poly_seg\datasets\cvc-clinicdb\masks\588.png
389,train,254.png,E:\pyproject\valueproject\poly_seg\datasets\cvc-clinicdb\images\254.png,E:\pyproject\valueproject\poly_seg\datasets\cvc-clinicdb\masks\254.png
390,train,387.png,E:\pyproject\valueproject\poly_seg\datasets\cvc-clinicdb\images\387.png,E:\pyproject\valueproject\poly_seg\datasets\cvc-clinicdb\masks\387.png
391,train,3.png,E:\pyproject\valueproject\poly_seg\datasets\cvc-clinicdb\images\3.png,E:\pyproject\valueproject\poly_seg\datasets\cvc-clinicdb\masks\3.png
392,train,592.png,E:\pyproject\valueproject\poly_seg\datasets\cvc-clinicdb\images\592.png,E:\pyproject\valueproject\poly_seg\datasets\cvc-clinicdb\masks\592.png
393,train,480.png,E:\pyproject\valueproject\poly_seg\datasets\cvc-clinicdb\images\480.png,E:\pyproject\valueproject\poly_seg\datasets\cvc-clinicdb\masks\480.png
394,train,371.png,E:\pyproject\valueproject\poly_seg\datasets\cvc-clinicdb\images\371.png,E:\pyproject\valueproject\poly_seg\datasets\cvc-clinicdb\masks\371.png
395,train,71.png,E:\pyproject\valueproject\poly_seg\datasets\cvc-clinicdb\images\71.png,E:\pyproject\valueproject\poly_seg\datasets\cvc-clinicdb\masks\71.png
396,train,178.png,E:\pyproject\valueproject\poly_seg\datasets\cvc-clinicdb\images\178.png,E:\pyproject\valueproject\poly_seg\datasets\cvc-clinicdb\masks\178.png
397,train,63.png,E:\pyproject\valueproject\poly_seg\datasets\cvc-clinicdb\images\63.png,E:\pyproject\valueproject\poly_seg\datasets\cvc-clinicdb\masks\63.png
398,train,362.png,E:\pyproject\valueproject\poly_seg\datasets\cvc-clinicdb\images\362.png,E:\pyproject\valueproject\poly_seg\datasets\cvc-clinicdb\masks\362.png
399,train,313.png,E:\pyproject\valueproject\poly_seg\datasets\cvc-clinicdb\images\313.png,E:\pyproject\valueproject\poly_seg\datasets\cvc-clinicdb\masks\313.png
400,train,328.png,E:\pyproject\valueproject\poly_seg\datasets\cvc-clinicdb\images\328.png,E:\pyproject\valueproject\poly_seg\datasets\cvc-clinicdb\masks\328.png
401,train,155.png,E:\pyproject\valueproject\poly_seg\datasets\cvc-clinicdb\images\155.png,E:\pyproject\valueproject\poly_seg\datasets\cvc-clinicdb\masks\155.png
402,train,249.png,E:\pyproject\valueproject\poly_seg\datasets\cvc-clinicdb\images\249.png,E:\pyproject\valueproject\poly_seg\datasets\cvc-clinicdb\masks\249.png
403,train,533.png,E:\pyproject\valueproject\poly_seg\datasets\cvc-clinicdb\images\533.png,E:\pyproject\valueproject\poly_seg\datasets\cvc-clinicdb\masks\533.png
404,train,239.png,E:\pyproject\valueproject\poly_seg\datasets\cvc-clinicdb\images\239.png,E:\pyproject\valueproject\poly_seg\datasets\cvc-clinicdb\masks\239.png
405,train,413.png,E:\pyproject\valueproject\poly_seg\datasets\cvc-clinicdb\images\413.png,E:\pyproject\valueproject\poly_seg\datasets\cvc-clinicdb\masks\413.png
406,train,25.png,E:\pyproject\valueproject\poly_seg\datasets\cvc-clinicdb\images\25.png,E:\pyproject\valueproject\poly_seg\datasets\cvc-clinicdb\masks\25.png
407,train,318.png,E:\pyproject\valueproject\poly_seg\datasets\cvc-clinicdb\images\318.png,E:\pyproject\valueproject\poly_seg\datasets\cvc-clinicdb\masks\318.png
408,train,334.png,E:\pyproject\valueproject\poly_seg\datasets\cvc-clinicdb\images\334.png,E:\pyproject\valueproject\poly_seg\datasets\cvc-clinicdb\masks\334.png
409,train,469.png,E:\pyproject\valueproject\poly_seg\datasets\cvc-clinicdb\images\469.png,E:\pyproject\valueproject\poly_seg\datasets\cvc-clinicdb\masks\469.png
410,train,110.png,E:\pyproject\valueproject\poly_seg\datasets\cvc-clinicdb\images\110.png,E:\pyproject\valueproject\poly_seg\datasets\cvc-clinicdb\masks\110.png
411,train,454.png,E:\pyproject\valueproject\poly_seg\datasets\cvc-clinicdb\images\454.png,E:\pyproject\valueproject\poly_seg\datasets\cvc-clinicdb\masks\454.png
412,train,261.png,E:\pyproject\valueproject\poly_seg\datasets\cvc-clinicdb\images\261.png,E:\pyproject\valueproject\poly_seg\datasets\cvc-clinicdb\masks\261.png
413,train,397.png,E:\pyproject\valueproject\poly_seg\datasets\cvc-clinicdb\images\397.png,E:\pyproject\valueproject\poly_seg\datasets\cvc-clinicdb\masks\397.png
414,train,259.png,E:\pyproject\valueproject\poly_seg\datasets\cvc-clinicdb\images\259.png,E:\pyproject\valueproject\poly_seg\datasets\cvc-clinicdb\masks\259.png
415,train,122.png,E:\pyproject\valueproject\poly_seg\datasets\cvc-clinicdb\images\122.png,E:\pyproject\valueproject\poly_seg\datasets\cvc-clinicdb\masks\122.png
416,train,132.png,E:\pyproject\valueproject\poly_seg\datasets\cvc-clinicdb\images\132.png,E:\pyproject\valueproject\poly_seg\datasets\cvc-clinicdb\masks\132.png
417,train,483.png,E:\pyproject\valueproject\poly_seg\datasets\cvc-clinicdb\images\483.png,E:\pyproject\valueproject\poly_seg\datasets\cvc-clinicdb\masks\483.png
418,train,148.png,E:\pyproject\valueproject\poly_seg\datasets\cvc-clinicdb\images\148.png,E:\pyproject\valueproject\poly_seg\datasets\cvc-clinicdb\masks\148.png
419,train,585.png,E:\pyproject\valueproject\poly_seg\datasets\cvc-clinicdb\images\585.png,E:\pyproject\valueproject\poly_seg\datasets\cvc-clinicdb\masks\585.png
420,train,272.png,E:\pyproject\valueproject\poly_seg\datasets\cvc-clinicdb\images\272.png,E:\pyproject\valueproject\poly_seg\datasets\cvc-clinicdb\masks\272.png
421,train,560.png,E:\pyproject\valueproject\poly_seg\datasets\cvc-clinicdb\images\560.png,E:\pyproject\valueproject\poly_seg\datasets\cvc-clinicdb\masks\560.png
422,train,482.png,E:\pyproject\valueproject\poly_seg\datasets\cvc-clinicdb\images\482.png,E:\pyproject\valueproject\poly_seg\datasets\cvc-clinicdb\masks\482.png
423,train,569.png,E:\pyproject\valueproject\poly_seg\datasets\cvc-clinicdb\images\569.png,E:\pyproject\valueproject\poly_seg\datasets\cvc-clinicdb\masks\569.png
424,train,168.png,E:\pyproject\valueproject\poly_seg\datasets\cvc-clinicdb\images\168.png,E:\pyproject\valueproject\poly_seg\datasets\cvc-clinicdb\masks\168.png
425,train,471.png,E:\pyproject\valueproject\poly_seg\datasets\cvc-clinicdb\images\471.png,E:\pyproject\valueproject\poly_seg\datasets\cvc-clinicdb\masks\471.png
426,train,279.png,E:\pyproject\valueproject\poly_seg\datasets\cvc-clinicdb\images\279.png,E:\pyproject\valueproject\poly_seg\datasets\cvc-clinicdb\masks\279.png
427,train,535.png,E:\pyproject\valueproject\poly_seg\datasets\cvc-clinicdb\images\535.png,E:\pyproject\valueproject\poly_seg\datasets\cvc-clinicdb\masks\535.png
428,train,332.png,E:\pyproject\valueproject\poly_seg\datasets\cvc-clinicdb\images\332.png,E:\pyproject\valueproject\poly_seg\datasets\cvc-clinicdb\masks\332.png
429,train,24.png,E:\pyproject\valueproject\poly_seg\datasets\cvc-clinicdb\images\24.png,E:\pyproject\valueproject\poly_seg\datasets\cvc-clinicdb\masks\24.png
430,train,37.png,E:\pyproject\valueproject\poly_seg\datasets\cvc-clinicdb\images\37.png,E:\pyproject\valueproject\poly_seg\datasets\cvc-clinicdb\masks\37.png
431,train,46.png,E:\pyproject\valueproject\poly_seg\datasets\cvc-clinicdb\images\46.png,E:\pyproject\valueproject\poly_seg\datasets\cvc-clinicdb\masks\46.png
432,train,557.png,E:\pyproject\valueproject\poly_seg\datasets\cvc-clinicdb\images\557.png,E:\pyproject\valueproject\poly_seg\datasets\cvc-clinicdb\masks\557.png
433,train,501.png,E:\pyproject\valueproject\poly_seg\datasets\cvc-clinicdb\images\501.png,E:\pyproject\valueproject\poly_seg\datasets\cvc-clinicdb\masks\501.png
434,train,172.png,E:\pyproject\valueproject\poly_seg\datasets\cvc-clinicdb\images\172.png,E:\pyproject\valueproject\poly_seg\datasets\cvc-clinicdb\masks\172.png
435,train,541.png,E:\pyproject\valueproject\poly_seg\datasets\cvc-clinicdb\images\541.png,E:\pyproject\valueproject\poly_seg\datasets\cvc-clinicdb\masks\541.png
436,train,291.png,E:\pyproject\valueproject\poly_seg\datasets\cvc-clinicdb\images\291.png,E:\pyproject\valueproject\poly_seg\datasets\cvc-clinicdb\masks\291.png
437,train,138.png,E:\pyproject\valueproject\poly_seg\datasets\cvc-clinicdb\images\138.png,E:\pyproject\valueproject\poly_seg\datasets\cvc-clinicdb\masks\138.png
438,train,232.png,E:\pyproject\valueproject\poly_seg\datasets\cvc-clinicdb\images\232.png,E:\pyproject\valueproject\poly_seg\datasets\cvc-clinicdb\masks\232.png
439,train,331.png,E:\pyproject\valueproject\poly_seg\datasets\cvc-clinicdb\images\331.png,E:\pyproject\valueproject\poly_seg\datasets\cvc-clinicdb\masks\331.png
440,train,418.png,E:\pyproject\valueproject\poly_seg\datasets\cvc-clinicdb\images\418.png,E:\pyproject\valueproject\poly_seg\datasets\cvc-clinicdb\masks\418.png
441,train,375.png,E:\pyproject\valueproject\poly_seg\datasets\cvc-clinicdb\images\375.png,E:\pyproject\valueproject\poly_seg\datasets\cvc-clinicdb\masks\375.png
442,train,16.png,E:\pyproject\valueproject\poly_seg\datasets\cvc-clinicdb\images\16.png,E:\pyproject\valueproject\poly_seg\datasets\cvc-clinicdb\masks\16.png
443,train,598.png,E:\pyproject\valueproject\poly_seg\datasets\cvc-clinicdb\images\598.png,E:\pyproject\valueproject\poly_seg\datasets\cvc-clinicdb\masks\598.png
444,train,317.png,E:\pyproject\valueproject\poly_seg\datasets\cvc-clinicdb\images\317.png,E:\pyproject\valueproject\poly_seg\datasets\cvc-clinicdb\masks\317.png
445,train,201.png,E:\pyproject\valueproject\poly_seg\datasets\cvc-clinicdb\images\201.png,E:\pyproject\valueproject\poly_seg\datasets\cvc-clinicdb\masks\201.png
446,train,517.png,E:\pyproject\valueproject\poly_seg\datasets\cvc-clinicdb\images\517.png,E:\pyproject\valueproject\poly_seg\datasets\cvc-clinicdb\masks\517.png
447,train,161.png,E:\pyproject\valueproject\poly_seg\datasets\cvc-clinicdb\images\161.png,E:\pyproject\valueproject\poly_seg\datasets\cvc-clinicdb\masks\161.png
448,train,570.png,E:\pyproject\valueproject\poly_seg\datasets\cvc-clinicdb\images\570.png,E:\pyproject\valueproject\poly_seg\datasets\cvc-clinicdb\masks\570.png
449,train,417.png,E:\pyproject\valueproject\poly_seg\datasets\cvc-clinicdb\images\417.png,E:\pyproject\valueproject\poly_seg\datasets\cvc-clinicdb\masks\417.png
450,train,325.png,E:\pyproject\valueproject\poly_seg\datasets\cvc-clinicdb\images\325.png,E:\pyproject\valueproject\poly_seg\datasets\cvc-clinicdb\masks\325.png
451,train,496.png,E:\pyproject\valueproject\poly_seg\datasets\cvc-clinicdb\images\496.png,E:\pyproject\valueproject\poly_seg\datasets\cvc-clinicdb\masks\496.png
452,train,453.png,E:\pyproject\valueproject\poly_seg\datasets\cvc-clinicdb\images\453.png,E:\pyproject\valueproject\poly_seg\datasets\cvc-clinicdb\masks\453.png
453,train,66.png,E:\pyproject\valueproject\poly_seg\datasets\cvc-clinicdb\images\66.png,E:\pyproject\valueproject\poly_seg\datasets\cvc-clinicdb\masks\66.png
454,train,368.png,E:\pyproject\valueproject\poly_seg\datasets\cvc-clinicdb\images\368.png,E:\pyproject\valueproject\poly_seg\datasets\cvc-clinicdb\masks\368.png
455,train,405.png,E:\pyproject\valueproject\poly_seg\datasets\cvc-clinicdb\images\405.png,E:\pyproject\valueproject\poly_seg\datasets\cvc-clinicdb\masks\405.png
456,train,243.png,E:\pyproject\valueproject\poly_seg\datasets\cvc-clinicdb\images\243.png,E:\pyproject\valueproject\poly_seg\datasets\cvc-clinicdb\masks\243.png
457,train,86.png,E:\pyproject\valueproject\poly_seg\datasets\cvc-clinicdb\images\86.png,E:\pyproject\valueproject\poly_seg\datasets\cvc-clinicdb\masks\86.png
458,train,170.png,E:\pyproject\valueproject\poly_seg\datasets\cvc-clinicdb\images\170.png,E:\pyproject\valueproject\poly_seg\datasets\cvc-clinicdb\masks\170.png
459,train,263.png,E:\pyproject\valueproject\poly_seg\datasets\cvc-clinicdb\images\263.png,E:\pyproject\valueproject\poly_seg\datasets\cvc-clinicdb\masks\263.png
460,train,392.png,E:\pyproject\valueproject\poly_seg\datasets\cvc-clinicdb\images\392.png,E:\pyproject\valueproject\poly_seg\datasets\cvc-clinicdb\masks\392.png
461,train,448.png,E:\pyproject\valueproject\poly_seg\datasets\cvc-clinicdb\images\448.png,E:\pyproject\valueproject\poly_seg\datasets\cvc-clinicdb\masks\448.png
462,train,407.png,E:\pyproject\valueproject\poly_seg\datasets\cvc-clinicdb\images\407.png,E:\pyproject\valueproject\poly_seg\datasets\cvc-clinicdb\masks\407.png
463,train,222.png,E:\pyproject\valueproject\poly_seg\datasets\cvc-clinicdb\images\222.png,E:\pyproject\valueproject\poly_seg\datasets\cvc-clinicdb\masks\222.png
464,train,527.png,E:\pyproject\valueproject\poly_seg\datasets\cvc-clinicdb\images\527.png,E:\pyproject\valueproject\poly_seg\datasets\cvc-clinicdb\masks\527.png
465,train,445.png,E:\pyproject\valueproject\poly_seg\datasets\cvc-clinicdb\images\445.png,E:\pyproject\valueproject\poly_seg\datasets\cvc-clinicdb\masks\445.png
466,train,119.png,E:\pyproject\valueproject\poly_seg\datasets\cvc-clinicdb\images\119.png,E:\pyproject\valueproject\poly_seg\datasets\cvc-clinicdb\masks\119.png
467,train,385.png,E:\pyproject\valueproject\poly_seg\datasets\cvc-clinicdb\images\385.png,E:\pyproject\valueproject\poly_seg\datasets\cvc-clinicdb\masks\385.png
468,train,154.png,E:\pyproject\valueproject\poly_seg\datasets\cvc-clinicdb\images\154.png,E:\pyproject\valueproject\poly_seg\datasets\cvc-clinicdb\masks\154.png
469,train,212.png,E:\pyproject\valueproject\poly_seg\datasets\cvc-clinicdb\images\212.png,E:\pyproject\valueproject\poly_seg\datasets\cvc-clinicdb\masks\212.png
470,train,190.png,E:\pyproject\valueproject\poly_seg\datasets\cvc-clinicdb\images\190.png,E:\pyproject\valueproject\poly_seg\datasets\cvc-clinicdb\masks\190.png
471,train,77.png,E:\pyproject\valueproject\poly_seg\datasets\cvc-clinicdb\images\77.png,E:\pyproject\valueproject\poly_seg\datasets\cvc-clinicdb\masks\77.png
472,train,380.png,E:\pyproject\valueproject\poly_seg\datasets\cvc-clinicdb\images\380.png,E:\pyproject\valueproject\poly_seg\datasets\cvc-clinicdb\masks\380.png
473,train,137.png,E:\pyproject\valueproject\poly_seg\datasets\cvc-clinicdb\images\137.png,E:\pyproject\valueproject\poly_seg\datasets\cvc-clinicdb\masks\137.png
474,train,485.png,E:\pyproject\valueproject\poly_seg\datasets\cvc-clinicdb\images\485.png,E:\pyproject\valueproject\poly_seg\datasets\cvc-clinicdb\masks\485.png
475,train,350.png,E:\pyproject\valueproject\poly_seg\datasets\cvc-clinicdb\images\350.png,E:\pyproject\valueproject\poly_seg\datasets\cvc-clinicdb\masks\350.png
476,train,563.png,E:\pyproject\valueproject\poly_seg\datasets\cvc-clinicdb\images\563.png,E:\pyproject\valueproject\poly_seg\datasets\cvc-clinicdb\masks\563.png
477,train,553.png,E:\pyproject\valueproject\poly_seg\datasets\cvc-clinicdb\images\553.png,E:\pyproject\valueproject\poly_seg\datasets\cvc-clinicdb\masks\553.png
478,train,1.png,E:\pyproject\valueproject\poly_seg\datasets\cvc-clinicdb\images\1.png,E:\pyproject\valueproject\poly_seg\datasets\cvc-clinicdb\masks\1.png
479,train,141.png,E:\pyproject\valueproject\poly_seg\datasets\cvc-clinicdb\images\141.png,E:\pyproject\valueproject\poly_seg\datasets\cvc-clinicdb\masks\141.png
480,train,105.png,E:\pyproject\valueproject\poly_seg\datasets\cvc-clinicdb\images\105.png,E:\pyproject\valueproject\poly_seg\datasets\cvc-clinicdb\masks\105.png
481,train,599.png,E:\pyproject\valueproject\poly_seg\datasets\cvc-clinicdb\images\599.png,E:\pyproject\valueproject\poly_seg\datasets\cvc-clinicdb\masks\599.png
482,train,306.png,E:\pyproject\valueproject\poly_seg\datasets\cvc-clinicdb\images\306.png,E:\pyproject\valueproject\poly_seg\datasets\cvc-clinicdb\masks\306.png
483,train,166.png,E:\pyproject\valueproject\poly_seg\datasets\cvc-clinicdb\images\166.png,E:\pyproject\valueproject\poly_seg\datasets\cvc-clinicdb\masks\166.png
484,train,289.png,E:\pyproject\valueproject\poly_seg\datasets\cvc-clinicdb\images\289.png,E:\pyproject\valueproject\poly_seg\datasets\cvc-clinicdb\masks\289.png
485,train,494.png,E:\pyproject\valueproject\poly_seg\datasets\cvc-clinicdb\images\494.png,E:\pyproject\valueproject\poly_seg\datasets\cvc-clinicdb\masks\494.png
486,train,443.png,E:\pyproject\valueproject\poly_seg\datasets\cvc-clinicdb\images\443.png,E:\pyproject\valueproject\poly_seg\datasets\cvc-clinicdb\masks\443.png
487,train,189.png,E:\pyproject\valueproject\poly_seg\datasets\cvc-clinicdb\images\189.png,E:\pyproject\valueproject\poly_seg\datasets\cvc-clinicdb\masks\189.png
488,train,143.png,E:\pyproject\valueproject\poly_seg\datasets\cvc-clinicdb\images\143.png,E:\pyproject\valueproject\poly_seg\datasets\cvc-clinicdb\masks\143.png
489,train,27.png,E:\pyproject\valueproject\poly_seg\datasets\cvc-clinicdb\images\27.png,E:\pyproject\valueproject\poly_seg\datasets\cvc-clinicdb\masks\27.png
0,test,329.png,E:\pyproject\valueproject\poly_seg\datasets\cvc-clinicdb\images\329.png,E:\pyproject\valueproject\poly_seg\datasets\cvc-clinicdb\masks\329.png
1,test,515.png,E:\pyproject\valueproject\poly_seg\datasets\cvc-clinicdb\images\515.png,E:\pyproject\valueproject\poly_seg\datasets\cvc-clinicdb\masks\515.png
2,test,221.png,E:\pyproject\valueproject\poly_seg\datasets\cvc-clinicdb\images\221.png,E:\pyproject\valueproject\poly_seg\datasets\cvc-clinicdb\masks\221.png
3,test,399.png,E:\pyproject\valueproject\poly_seg\datasets\cvc-clinicdb\images\399.png,E:\pyproject\valueproject\poly_seg\datasets\cvc-clinicdb\masks\399.png
4,test,128.png,E:\pyproject\valueproject\poly_seg\datasets\cvc-clinicdb\images\128.png,E:\pyproject\valueproject\poly_seg\datasets\cvc-clinicdb\masks\128.png
5,test,590.png,E:\pyproject\valueproject\poly_seg\datasets\cvc-clinicdb\images\590.png,E:\pyproject\valueproject\poly_seg\datasets\cvc-clinicdb\masks\590.png
6,test,87.png,E:\pyproject\valueproject\poly_seg\datasets\cvc-clinicdb\images\87.png,E:\pyproject\valueproject\poly_seg\datasets\cvc-clinicdb\masks\87.png
7,test,93.png,E:\pyproject\valueproject\poly_seg\datasets\cvc-clinicdb\images\93.png,E:\pyproject\valueproject\poly_seg\datasets\cvc-clinicdb\masks\93.png
8,test,488.png,E:\pyproject\valueproject\poly_seg\datasets\cvc-clinicdb\images\488.png,E:\pyproject\valueproject\poly_seg\datasets\cvc-clinicdb\masks\488.png
9,test,295.png,E:\pyproject\valueproject\poly_seg\datasets\cvc-clinicdb\images\295.png,E:\pyproject\valueproject\poly_seg\datasets\cvc-clinicdb\masks\295.png
10,test,545.png,E:\pyproject\valueproject\poly_seg\datasets\cvc-clinicdb\images\545.png,E:\pyproject\valueproject\poly_seg\datasets\cvc-clinicdb\masks\545.png
11,test,183.png,E:\pyproject\valueproject\poly_seg\datasets\cvc-clinicdb\images\183.png,E:\pyproject\valueproject\poly_seg\datasets\cvc-clinicdb\masks\183.png
12,test,544.png,E:\pyproject\valueproject\poly_seg\datasets\cvc-clinicdb\images\544.png,E:\pyproject\valueproject\poly_seg\datasets\cvc-clinicdb\masks\544.png
13,test,610.png,E:\pyproject\valueproject\poly_seg\datasets\cvc-clinicdb\images\610.png,E:\pyproject\valueproject\poly_seg\datasets\cvc-clinicdb\masks\610.png
14,test,307.png,E:\pyproject\valueproject\poly_seg\datasets\cvc-clinicdb\images\307.png,E:\pyproject\valueproject\poly_seg\datasets\cvc-clinicdb\masks\307.png
15,test,68.png,E:\pyproject\valueproject\poly_seg\datasets\cvc-clinicdb\images\68.png,E:\pyproject\valueproject\poly_seg\datasets\cvc-clinicdb\masks\68.png
16,test,336.png,E:\pyproject\valueproject\poly_seg\datasets\cvc-clinicdb\images\336.png,E:\pyproject\valueproject\poly_seg\datasets\cvc-clinicdb\masks\336.png
17,test,542.png,E:\pyproject\valueproject\poly_seg\datasets\cvc-clinicdb\images\542.png,E:\pyproject\valueproject\poly_seg\datasets\cvc-clinicdb\masks\542.png
18,test,460.png,E:\pyproject\valueproject\poly_seg\datasets\cvc-clinicdb\images\460.png,E:\pyproject\valueproject\poly_seg\datasets\cvc-clinicdb\masks\460.png
19,test,429.png,E:\pyproject\valueproject\poly_seg\datasets\cvc-clinicdb\images\429.png,E:\pyproject\valueproject\poly_seg\datasets\cvc-clinicdb\masks\429.png
20,test,416.png,E:\pyproject\valueproject\poly_seg\datasets\cvc-clinicdb\images\416.png,E:\pyproject\valueproject\poly_seg\datasets\cvc-clinicdb\masks\416.png
21,test,502.png,E:\pyproject\valueproject\poly_seg\datasets\cvc-clinicdb\images\502.png,E:\pyproject\valueproject\poly_seg\datasets\cvc-clinicdb\masks\502.png
22,test,82.png,E:\pyproject\valueproject\poly_seg\datasets\cvc-clinicdb\images\82.png,E:\pyproject\valueproject\poly_seg\datasets\cvc-clinicdb\masks\82.png
23,test,65.png,E:\pyproject\valueproject\poly_seg\datasets\cvc-clinicdb\images\65.png,E:\pyproject\valueproject\poly_seg\datasets\cvc-clinicdb\masks\65.png
24,test,391.png,E:\pyproject\valueproject\poly_seg\datasets\cvc-clinicdb\images\391.png,E:\pyproject\valueproject\poly_seg\datasets\cvc-clinicdb\masks\391.png
25,test,367.png,E:\pyproject\valueproject\poly_seg\datasets\cvc-clinicdb\images\367.png,E:\pyproject\valueproject\poly_seg\datasets\cvc-clinicdb\masks\367.png
26,test,13.png,E:\pyproject\valueproject\poly_seg\datasets\cvc-clinicdb\images\13.png,E:\pyproject\valueproject\poly_seg\datasets\cvc-clinicdb\masks\13.png
27,test,5.png,E:\pyproject\valueproject\poly_seg\datasets\cvc-clinicdb\images\5.png,E:\pyproject\valueproject\poly_seg\datasets\cvc-clinicdb\masks\5.png
28,test,558.png,E:\pyproject\valueproject\poly_seg\datasets\cvc-clinicdb\images\558.png,E:\pyproject\valueproject\poly_seg\datasets\cvc-clinicdb\masks\558.png
29,test,529.png,E:\pyproject\valueproject\poly_seg\datasets\cvc-clinicdb\images\529.png,E:\pyproject\valueproject\poly_seg\datasets\cvc-clinicdb\masks\529.png
30,test,547.png,E:\pyproject\valueproject\poly_seg\datasets\cvc-clinicdb\images\547.png,E:\pyproject\valueproject\poly_seg\datasets\cvc-clinicdb\masks\547.png
31,test,339.png,E:\pyproject\valueproject\poly_seg\datasets\cvc-clinicdb\images\339.png,E:\pyproject\valueproject\poly_seg\datasets\cvc-clinicdb\masks\339.png
32,test,283.png,E:\pyproject\valueproject\poly_seg\datasets\cvc-clinicdb\images\283.png,E:\pyproject\valueproject\poly_seg\datasets\cvc-clinicdb\masks\283.png
33,test,430.png,E:\pyproject\valueproject\poly_seg\datasets\cvc-clinicdb\images\430.png,E:\pyproject\valueproject\poly_seg\datasets\cvc-clinicdb\masks\430.png
34,test,550.png,E:\pyproject\valueproject\poly_seg\datasets\cvc-clinicdb\images\550.png,E:\pyproject\valueproject\poly_seg\datasets\cvc-clinicdb\masks\550.png
35,test,521.png,E:\pyproject\valueproject\poly_seg\datasets\cvc-clinicdb\images\521.png,E:\pyproject\valueproject\poly_seg\datasets\cvc-clinicdb\masks\521.png
36,test,237.png,E:\pyproject\valueproject\poly_seg\datasets\cvc-clinicdb\images\237.png,E:\pyproject\valueproject\poly_seg\datasets\cvc-clinicdb\masks\237.png
37,test,129.png,E:\pyproject\valueproject\poly_seg\datasets\cvc-clinicdb\images\129.png,E:\pyproject\valueproject\poly_seg\datasets\cvc-clinicdb\masks\129.png
38,test,107.png,E:\pyproject\valueproject\poly_seg\datasets\cvc-clinicdb\images\107.png,E:\pyproject\valueproject\poly_seg\datasets\cvc-clinicdb\masks\107.png
39,test,347.png,E:\pyproject\valueproject\poly_seg\datasets\cvc-clinicdb\images\347.png,E:\pyproject\valueproject\poly_seg\datasets\cvc-clinicdb\masks\347.png
40,test,370.png,E:\pyproject\valueproject\poly_seg\datasets\cvc-clinicdb\images\370.png,E:\pyproject\valueproject\poly_seg\datasets\cvc-clinicdb\masks\370.png
41,test,286.png,E:\pyproject\valueproject\poly_seg\datasets\cvc-clinicdb\images\286.png,E:\pyproject\valueproject\poly_seg\datasets\cvc-clinicdb\masks\286.png
42,test,499.png,E:\pyproject\valueproject\poly_seg\datasets\cvc-clinicdb\images\499.png,E:\pyproject\valueproject\poly_seg\datasets\cvc-clinicdb\masks\499.png
43,test,601.png,E:\pyproject\valueproject\poly_seg\datasets\cvc-clinicdb\images\601.png,E:\pyproject\valueproject\poly_seg\datasets\cvc-clinicdb\masks\601.png
44,test,6.png,E:\pyproject\valueproject\poly_seg\datasets\cvc-clinicdb\images\6.png,E:\pyproject\valueproject\poly_seg\datasets\cvc-clinicdb\masks\6.png
45,test,561.png,E:\pyproject\valueproject\poly_seg\datasets\cvc-clinicdb\images\561.png,E:\pyproject\valueproject\poly_seg\datasets\cvc-clinicdb\masks\561.png
46,test,383.png,E:\pyproject\valueproject\poly_seg\datasets\cvc-clinicdb\images\383.png,E:\pyproject\valueproject\poly_seg\datasets\cvc-clinicdb\masks\383.png
47,test,47.png,E:\pyproject\valueproject\poly_seg\datasets\cvc-clinicdb\images\47.png,E:\pyproject\valueproject\poly_seg\datasets\cvc-clinicdb\masks\47.png
48,test,91.png,E:\pyproject\valueproject\poly_seg\datasets\cvc-clinicdb\images\91.png,E:\pyproject\valueproject\poly_seg\datasets\cvc-clinicdb\masks\91.png
49,test,531.png,E:\pyproject\valueproject\poly_seg\datasets\cvc-clinicdb\images\531.png,E:\pyproject\valueproject\poly_seg\datasets\cvc-clinicdb\masks\531.png
50,test,52.png,E:\pyproject\valueproject\poly_seg\datasets\cvc-clinicdb\images\52.png,E:\pyproject\valueproject\poly_seg\datasets\cvc-clinicdb\masks\52.png
51,test,210.png,E:\pyproject\valueproject\poly_seg\datasets\cvc-clinicdb\images\210.png,E:\pyproject\valueproject\poly_seg\datasets\cvc-clinicdb\masks\210.png
52,test,31.png,E:\pyproject\valueproject\poly_seg\datasets\cvc-clinicdb\images\31.png,E:\pyproject\valueproject\poly_seg\datasets\cvc-clinicdb\masks\31.png
53,test,543.png,E:\pyproject\valueproject\poly_seg\datasets\cvc-clinicdb\images\543.png,E:\pyproject\valueproject\poly_seg\datasets\cvc-clinicdb\masks\543.png
54,test,23.png,E:\pyproject\valueproject\poly_seg\datasets\cvc-clinicdb\images\23.png,E:\pyproject\valueproject\poly_seg\datasets\cvc-clinicdb\masks\23.png
55,test,532.png,E:\pyproject\valueproject\poly_seg\datasets\cvc-clinicdb\images\532.png,E:\pyproject\valueproject\poly_seg\datasets\cvc-clinicdb\masks\532.png
56,test,495.png,E:\pyproject\valueproject\poly_seg\datasets\cvc-clinicdb\images\495.png,E:\pyproject\valueproject\poly_seg\datasets\cvc-clinicdb\masks\495.png
57,test,95.png,E:\pyproject\valueproject\poly_seg\datasets\cvc-clinicdb\images\95.png,E:\pyproject\valueproject\poly_seg\datasets\cvc-clinicdb\masks\95.png
58,test,581.png,E:\pyproject\valueproject\poly_seg\datasets\cvc-clinicdb\images\581.png,E:\pyproject\valueproject\poly_seg\datasets\cvc-clinicdb\masks\581.png
59,test,144.png,E:\pyproject\valueproject\poly_seg\datasets\cvc-clinicdb\images\144.png,E:\pyproject\valueproject\poly_seg\datasets\cvc-clinicdb\masks\144.png
60,test,218.png,E:\pyproject\valueproject\poly_seg\datasets\cvc-clinicdb\images\218.png,E:\pyproject\valueproject\poly_seg\datasets\cvc-clinicdb\masks\218.png
0,val,305.png,E:\pyproject\valueproject\poly_seg\datasets\cvc-clinicdb\images\305.png,E:\pyproject\valueproject\poly_seg\datasets\cvc-clinicdb\masks\305.png
1,val,62.png,E:\pyproject\valueproject\poly_seg\datasets\cvc-clinicdb\images\62.png,E:\pyproject\valueproject\poly_seg\datasets\cvc-clinicdb\masks\62.png
2,val,577.png,E:\pyproject\valueproject\poly_seg\datasets\cvc-clinicdb\images\577.png,E:\pyproject\valueproject\poly_seg\datasets\cvc-clinicdb\masks\577.png
3,val,72.png,E:\pyproject\valueproject\poly_seg\datasets\cvc-clinicdb\images\72.png,E:\pyproject\valueproject\poly_seg\datasets\cvc-clinicdb\masks\72.png
4,val,540.png,E:\pyproject\valueproject\poly_seg\datasets\cvc-clinicdb\images\540.png,E:\pyproject\valueproject\poly_seg\datasets\cvc-clinicdb\masks\540.png
5,val,92.png,E:\pyproject\valueproject\poly_seg\datasets\cvc-clinicdb\images\92.png,E:\pyproject\valueproject\poly_seg\datasets\cvc-clinicdb\masks\92.png
6,val,337.png,E:\pyproject\valueproject\poly_seg\datasets\cvc-clinicdb\images\337.png,E:\pyproject\valueproject\poly_seg\datasets\cvc-clinicdb\masks\337.png
7,val,583.png,E:\pyproject\valueproject\poly_seg\datasets\cvc-clinicdb\images\583.png,E:\pyproject\valueproject\poly_seg\datasets\cvc-clinicdb\masks\583.png
8,val,466.png,E:\pyproject\valueproject\poly_seg\datasets\cvc-clinicdb\images\466.png,E:\pyproject\valueproject\poly_seg\datasets\cvc-clinicdb\masks\466.png
9,val,8.png,E:\pyproject\valueproject\poly_seg\datasets\cvc-clinicdb\images\8.png,E:\pyproject\valueproject\poly_seg\datasets\cvc-clinicdb\masks\8.png
10,val,566.png,E:\pyproject\valueproject\poly_seg\datasets\cvc-clinicdb\images\566.png,E:\pyproject\valueproject\poly_seg\datasets\cvc-clinicdb\masks\566.png
11,val,491.png,E:\pyproject\valueproject\poly_seg\datasets\cvc-clinicdb\images\491.png,E:\pyproject\valueproject\poly_seg\datasets\cvc-clinicdb\masks\491.png
12,val,206.png,E:\pyproject\valueproject\poly_seg\datasets\cvc-clinicdb\images\206.png,E:\pyproject\valueproject\poly_seg\datasets\cvc-clinicdb\masks\206.png
13,val,559.png,E:\pyproject\valueproject\poly_seg\datasets\cvc-clinicdb\images\559.png,E:\pyproject\valueproject\poly_seg\datasets\cvc-clinicdb\masks\559.png
14,val,467.png,E:\pyproject\valueproject\poly_seg\datasets\cvc-clinicdb\images\467.png,E:\pyproject\valueproject\poly_seg\datasets\cvc-clinicdb\masks\467.png
15,val,182.png,E:\pyproject\valueproject\poly_seg\datasets\cvc-clinicdb\images\182.png,E:\pyproject\valueproject\poly_seg\datasets\cvc-clinicdb\masks\182.png
16,val,489.png,E:\pyproject\valueproject\poly_seg\datasets\cvc-clinicdb\images\489.png,E:\pyproject\valueproject\poly_seg\datasets\cvc-clinicdb\masks\489.png
17,val,524.png,E:\pyproject\valueproject\poly_seg\datasets\cvc-clinicdb\images\524.png,E:\pyproject\valueproject\poly_seg\datasets\cvc-clinicdb\masks\524.png
18,val,434.png,E:\pyproject\valueproject\poly_seg\datasets\cvc-clinicdb\images\434.png,E:\pyproject\valueproject\poly_seg\datasets\cvc-clinicdb\masks\434.png
19,val,439.png,E:\pyproject\valueproject\poly_seg\datasets\cvc-clinicdb\images\439.png,E:\pyproject\valueproject\poly_seg\datasets\cvc-clinicdb\masks\439.png
20,val,121.png,E:\pyproject\valueproject\poly_seg\datasets\cvc-clinicdb\images\121.png,E:\pyproject\valueproject\poly_seg\datasets\cvc-clinicdb\masks\121.png
21,val,384.png,E:\pyproject\valueproject\poly_seg\datasets\cvc-clinicdb\images\384.png,E:\pyproject\valueproject\poly_seg\datasets\cvc-clinicdb\masks\384.png
22,val,229.png,E:\pyproject\valueproject\poly_seg\datasets\cvc-clinicdb\images\229.png,E:\pyproject\valueproject\poly_seg\datasets\cvc-clinicdb\masks\229.png
23,val,520.png,E:\pyproject\valueproject\poly_seg\datasets\cvc-clinicdb\images\520.png,E:\pyproject\valueproject\poly_seg\datasets\cvc-clinicdb\masks\520.png
24,val,83.png,E:\pyproject\valueproject\poly_seg\datasets\cvc-clinicdb\images\83.png,E:\pyproject\valueproject\poly_seg\datasets\cvc-clinicdb\masks\83.png
25,val,369.png,E:\pyproject\valueproject\poly_seg\datasets\cvc-clinicdb\images\369.png,E:\pyproject\valueproject\poly_seg\datasets\cvc-clinicdb\masks\369.png
26,val,595.png,E:\pyproject\valueproject\poly_seg\datasets\cvc-clinicdb\images\595.png,E:\pyproject\valueproject\poly_seg\datasets\cvc-clinicdb\masks\595.png
27,val,612.png,E:\pyproject\valueproject\poly_seg\datasets\cvc-clinicdb\images\612.png,E:\pyproject\valueproject\poly_seg\datasets\cvc-clinicdb\masks\612.png
28,val,181.png,E:\pyproject\valueproject\poly_seg\datasets\cvc-clinicdb\images\181.png,E:\pyproject\valueproject\poly_seg\datasets\cvc-clinicdb\masks\181.png
29,val,412.png,E:\pyproject\valueproject\poly_seg\datasets\cvc-clinicdb\images\412.png,E:\pyproject\valueproject\poly_seg\datasets\cvc-clinicdb\masks\412.png
30,val,17.png,E:\pyproject\valueproject\poly_seg\datasets\cvc-clinicdb\images\17.png,E:\pyproject\valueproject\poly_seg\datasets\cvc-clinicdb\masks\17.png
31,val,572.png,E:\pyproject\valueproject\poly_seg\datasets\cvc-clinicdb\images\572.png,E:\pyproject\valueproject\poly_seg\datasets\cvc-clinicdb\masks\572.png
32,val,446.png,E:\pyproject\valueproject\poly_seg\datasets\cvc-clinicdb\images\446.png,E:\pyproject\valueproject\poly_seg\datasets\cvc-clinicdb\masks\446.png
33,val,428.png,E:\pyproject\valueproject\poly_seg\datasets\cvc-clinicdb\images\428.png,E:\pyproject\valueproject\poly_seg\datasets\cvc-clinicdb\masks\428.png
34,val,42.png,E:\pyproject\valueproject\poly_seg\datasets\cvc-clinicdb\images\42.png,E:\pyproject\valueproject\poly_seg\datasets\cvc-clinicdb\masks\42.png
35,val,330.png,E:\pyproject\valueproject\poly_seg\datasets\cvc-clinicdb\images\330.png,E:\pyproject\valueproject\poly_seg\datasets\cvc-clinicdb\masks\330.png
36,val,465.png,E:\pyproject\valueproject\poly_seg\datasets\cvc-clinicdb\images\465.png,E:\pyproject\valueproject\poly_seg\datasets\cvc-clinicdb\masks\465.png
37,val,293.png,E:\pyproject\valueproject\poly_seg\datasets\cvc-clinicdb\images\293.png,E:\pyproject\valueproject\poly_seg\datasets\cvc-clinicdb\masks\293.png
38,val,389.png,E:\pyproject\valueproject\poly_seg\datasets\cvc-clinicdb\images\389.png,E:\pyproject\valueproject\poly_seg\datasets\cvc-clinicdb\masks\389.png
39,val,9.png,E:\pyproject\valueproject\poly_seg\datasets\cvc-clinicdb\images\9.png,E:\pyproject\valueproject\poly_seg\datasets\cvc-clinicdb\masks\9.png
40,val,109.png,E:\pyproject\valueproject\poly_seg\datasets\cvc-clinicdb\images\109.png,E:\pyproject\valueproject\poly_seg\datasets\cvc-clinicdb\masks\109.png
41,val,513.png,E:\pyproject\valueproject\poly_seg\datasets\cvc-clinicdb\images\513.png,E:\pyproject\valueproject\poly_seg\datasets\cvc-clinicdb\masks\513.png
42,val,19.png,E:\pyproject\valueproject\poly_seg\datasets\cvc-clinicdb\images\19.png,E:\pyproject\valueproject\poly_seg\datasets\cvc-clinicdb\masks\19.png
43,val,364.png,E:\pyproject\valueproject\poly_seg\datasets\cvc-clinicdb\images\364.png,E:\pyproject\valueproject\poly_seg\datasets\cvc-clinicdb\masks\364.png
44,val,200.png,E:\pyproject\valueproject\poly_seg\datasets\cvc-clinicdb\images\200.png,E:\pyproject\valueproject\poly_seg\datasets\cvc-clinicdb\masks\200.png
45,val,173.png,E:\pyproject\valueproject\poly_seg\datasets\cvc-clinicdb\images\173.png,E:\pyproject\valueproject\poly_seg\datasets\cvc-clinicdb\masks\173.png
46,val,100.png,E:\pyproject\valueproject\poly_seg\datasets\cvc-clinicdb\images\100.png,E:\pyproject\valueproject\poly_seg\datasets\cvc-clinicdb\masks\100.png
47,val,32.png,E:\pyproject\valueproject\poly_seg\datasets\cvc-clinicdb\images\32.png,E:\pyproject\valueproject\poly_seg\datasets\cvc-clinicdb\masks\32.png
48,val,505.png,E:\pyproject\valueproject\poly_seg\datasets\cvc-clinicdb\images\505.png,E:\pyproject\valueproject\poly_seg\datasets\cvc-clinicdb\masks\505.png
49,val,89.png,E:\pyproject\valueproject\poly_seg\datasets\cvc-clinicdb\images\89.png,E:\pyproject\valueproject\poly_seg\datasets\cvc-clinicdb\masks\89.png
50,val,551.png,E:\pyproject\valueproject\poly_seg\datasets\cvc-clinicdb\images\551.png,E:\pyproject\valueproject\poly_seg\datasets\cvc-clinicdb\masks\551.png
51,val,603.png,E:\pyproject\valueproject\poly_seg\datasets\cvc-clinicdb\images\603.png,E:\pyproject\valueproject\poly_seg\datasets\cvc-clinicdb\masks\603.png
52,val,76.png,E:\pyproject\valueproject\poly_seg\datasets\cvc-clinicdb\images\76.png,E:\pyproject\valueproject\poly_seg\datasets\cvc-clinicdb\masks\76.png
53,val,487.png,E:\pyproject\valueproject\poly_seg\datasets\cvc-clinicdb\images\487.png,E:\pyproject\valueproject\poly_seg\datasets\cvc-clinicdb\masks\487.png
54,val,611.png,E:\pyproject\valueproject\poly_seg\datasets\cvc-clinicdb\images\611.png,E:\pyproject\valueproject\poly_seg\datasets\cvc-clinicdb\masks\611.png
55,val,304.png,E:\pyproject\valueproject\poly_seg\datasets\cvc-clinicdb\images\304.png,E:\pyproject\valueproject\poly_seg\datasets\cvc-clinicdb\masks\304.png
56,val,194.png,E:\pyproject\valueproject\poly_seg\datasets\cvc-clinicdb\images\194.png,E:\pyproject\valueproject\poly_seg\datasets\cvc-clinicdb\masks\194.png
57,val,571.png,E:\pyproject\valueproject\poly_seg\datasets\cvc-clinicdb\images\571.png,E:\pyproject\valueproject\poly_seg\datasets\cvc-clinicdb\masks\571.png
58,val,562.png,E:\pyproject\valueproject\poly_seg\datasets\cvc-clinicdb\images\562.png,E:\pyproject\valueproject\poly_seg\datasets\cvc-clinicdb\masks\562.png
59,val,394.png,E:\pyproject\valueproject\poly_seg\datasets\cvc-clinicdb\images\394.png,E:\pyproject\valueproject\poly_seg\datasets\cvc-clinicdb\masks\394.png
60,val,208.png,E:\pyproject\valueproject\poly_seg\datasets\cvc-clinicdb\images\208.png,E:\pyproject\valueproject\poly_seg\datasets\cvc-clinicdb\masks\208.png
